Sentence,Tags,Dependencies,Noun,Index,Relevant Dependencies,Sentence Fragment,Noun Tag,Negation,Verb,Verb Lemma,Verb Tag,Relation to Verb,Verb Adverbial Modifier,Verb Negation,Auxillary,Copula Other Tag,Prepositional Phrases,Prepositions,Prepositional Subjects,Prepositional Objects,Determiners,Determiner Type,Conjunction Phrases,Conjunctions,Conjoined,Compound Head,Compound Modifiers,Adjectival Modifiers,AdjType: Behavior,AdjType: Body,AdjType: Feeling,AdjType: Mind,AdjType: Miscellaneous,AdjType: Motion,AdjType: Perception,AdjType: Quantity,AdjType: Social,AdjType: Spatial,AdjType: Substance,AdjType: Temporal,AdjType: Weather,Possesed owned by noun,Possesive owner of noun,Numeric Modifiers,Case Modifiers,Adverbial Modifiers,Appositionals,Appositional Modifiers,Modified Appositives,Modality,Conditional,Plurality of Noun,Bareness of Noun,Plurality of Verb,"length of chain, is_head, is_corrupted, absolute location in chain, relative location in chain, distance from previous mention",Parse Error,Origin,A+N,F+N,all+N,O-Den,Allan Test Result,Denumerator,Allan Type,SubType,Magnitude
"Earthenware , 20.3cm ( 8 '' ) .","Earthenware/Earthenware/NNP ,/,/, 20.3/20.3/CD cm/cm/NN -LRB-/-lrb-/-LRB- 8/8/CD ''/''/'' -RRB-/-rrb-/-RRB- ././. ","ROOT (ROOT-0, Earthenware-1) punct (Earthenware-1, ,-2) nummod (cm-4, 20.3-3) appos (Earthenware-1, cm-4) punct (8-6, (-5) dep (cm-4, 8-6) punct (8-6, ''-7) punct (8-6, )-8) punct (Earthenware-1, .-9) ",Earthenware,1,"ROOT (ROOT-0, Earthenware-1) punct (Earthenware-1, ,-2) appos (Earthenware-1, cm-4) punct (Earthenware-1, .-9) ","Earthenware , 20.3cm ( 8 ''",NNP,[],,,,,[],[],[],,[],[],[],[],[],[],[],[],[],[],[],[],,,,,,,,,,,,,,[],[],[],[],[],"['modified', 'cm']",[],['cm'],[],[],singular,bare singular,,,False,/scratch/awahlang/COCAFiles/COCA/academic/tryAgain/completed/batch1/w_acad_1997.txt_2.csv,0,0,0,0,unknown,,,,
"Earthenware , 25.7cm ( 10.1 '' ) , 21.5cm ( 8.5 '' ) .","Earthenware/Earthenware/NNP ,/,/, 25.7/25.7/CD cm/cm/NN -LRB-/-lrb-/-LRB- 10.1/10.1/CD ''/''/'' -RRB-/-rrb-/-RRB- ,/,/, 21.5/21.5/CD cm/cm/NN -LRB-/-lrb-/-LRB- 8.5/8.5/CD ''/''/'' -RRB-/-rrb-/-RRB- ././. ","ROOT (ROOT-0, Earthenware-1) punct (Earthenware-1, ,-2) nummod (cm-4, 25.7-3) appos (Earthenware-1, cm-4) punct (10.1-6, (-5) dep (cm-4, 10.1-6) punct (10.1-6, ''-7) punct (10.1-6, )-8) punct (cm-4, ,-9) nummod (cm-11, 21.5-10) appos (cm-4, cm-11) punct (8.5-13, (-12) dep (cm-11, 8.5-13) punct (8.5-13, ''-14) punct (8.5-13, )-15) punct (Earthenware-1, .-16) ",Earthenware,1,"ROOT (ROOT-0, Earthenware-1) punct (Earthenware-1, ,-2) appos (Earthenware-1, cm-4) punct (Earthenware-1, .-16) ","Earthenware , 25.7cm ( 10.1 ''",NNP,[],,,,,[],[],[],,[],[],[],[],[],[],[],[],[],[],[],[],,,,,,,,,,,,,,[],[],[],[],[],"['modified', 'cm']",[],['cm'],[],[],singular,bare singular,,,False,/scratch/awahlang/COCAFiles/COCA/academic/tryAgain/completed/batch1/w_acad_1997.txt_2.csv,0,0,0,0,unknown,,,,
"Earthenware , 38.2cm ( 15 '' ) .","Earthenware/Earthenware/NNP ,/,/, 38.2/38.2/CD cm/cm/NN -LRB-/-lrb-/-LRB- 15/15/CD ''/''/'' -RRB-/-rrb-/-RRB- ././. ","ROOT (ROOT-0, Earthenware-1) punct (Earthenware-1, ,-2) nummod (cm-4, 38.2-3) appos (Earthenware-1, cm-4) punct (15-6, (-5) dep (cm-4, 15-6) punct (15-6, ''-7) punct (15-6, )-8) punct (Earthenware-1, .-9) ",Earthenware,1,"ROOT (ROOT-0, Earthenware-1) punct (Earthenware-1, ,-2) appos (Earthenware-1, cm-4) punct (Earthenware-1, .-9) ","Earthenware , 38.2cm ( 15 ''",NNP,[],,,,,[],[],[],,[],[],[],[],[],[],[],[],[],[],[],[],,,,,,,,,,,,,,[],[],[],[],[],"['modified', 'cm']",[],['cm'],[],[],singular,bare singular,,,False,/scratch/awahlang/COCAFiles/COCA/academic/tryAgain/completed/batch1/w_acad_1997.txt_2.csv,0,0,0,0,unknown,,,,
"PHOTO ( COLOR ) : French colonial sites around Mobile have yielded , from top , Chinese porcelain , English wine bottles , and faence and coarse earthenware from France .","PHOTO/photo/NN -LRB-/-lrb-/-LRB- COLOR/color/NN -RRB-/-rrb-/-RRB- :/:/: French/french/JJ colonial/colonial/NN sites/site/NNS around/around/IN Mobile/Mobile/NNP have/have/VBP yielded/yield/VBN ,/,/, from/from/IN top/top/JJ ,/,/, Chinese/chinese/JJ porcelain/porcelain/NN ,/,/, English/English/NNP wine/wine/NN bottles/bottle/NNS ,/,/, and/and/CC faence/faence/NN and/and/CC coarse/coarse/JJ earthenware/earthenware/NN from/from/IN France/France/NNP ././. ","ROOT (ROOT-0, PHOTO-1) punct (COLOR-3, (-2) appos (PHOTO-1, COLOR-3) punct (COLOR-3, )-4) punct (PHOTO-1, :-5) amod (sites-8, French-6) compound (sites-8, colonial-7) dep (PHOTO-1, sites-8) case (yielded-12, around-9) nsubj (yielded-12, Mobile-10) aux (yielded-12, have-11) nmod:around (sites-8, yielded-12) punct (yielded-12, ,-13) case (porcelain-18, from-14) amod (porcelain-18, top-15) punct (porcelain-18, ,-16) amod (porcelain-18, Chinese-17) nmod:from (yielded-12, porcelain-18) punct (porcelain-18, ,-19) compound (bottles-22, English-20) compound (bottles-22, wine-21) nmod:from (yielded-12, bottles-22) conj:and (porcelain-18, bottles-22) punct (porcelain-18, ,-23) cc (porcelain-18, and-24) nmod:from (yielded-12, faence-25) conj:and (porcelain-18, faence-25) cc (yielded-12, and-26) amod (earthenware-28, coarse-27) nmod:around (sites-8, earthenware-28) conj:and (yielded-12, earthenware-28) case (France-30, from-29) nmod:from (earthenware-28, France-30) punct (PHOTO-1, .-31) ",earthenware,28,"amod (earthenware-28, coarse-27) nmod:around (sites-8, earthenware-28) conj:and (yielded-12, earthenware-28) nmod:from (earthenware-28, France-30) ",", and faence and coarse earthenware from France .",NN,[],,,,,[],[],[],,"[('around', 'sites', 8), ('from', 'France', 30)]","['around', 'from']",['France'],['sites'],[],[],"[('and', 'yielded', 12)]",['and'],[yielded-12],[],[],['coarse'],[0.02],[0.06958333333333333],[0.02],[0.0175],[0.0325],[0.0225],[0.4475],[0.0175],[0.0175],[0.04416666666666667],[0.22208333333333333],[0.05333333333333333],[0.01583333333333333],[],[],[],[],[],[],[],[],[],[],singular,linked,,,False,/scratch/awahlang/COCAFiles/COCA/academic/tryAgain/completed/batch1/w_acad_2004.txt_3.csv,0,0,0,0,unknown,,,,
18b profile view 19a Palm wine jar Ngbetu Black earthenware ; 21.6cm x 16.3cm ( 8 1/2 '' x 6 1/2 '' ) Collection of the Ursuline Sisters of Onze-LieveVrouw-Waver.,18b/18b/NN profile/profile/NN view/view/NN 19a/19a/CD Palm/Palm/NNP wine/wine/NN jar/jar/NN Ngbetu/Ngbetu/NNP Black/Black/NNP earthenware/earthenware/NN ;/;/: 21.6/21.6/CD cm/cm/NN x/x/NN 16.3/16.3/CD cm/cm/NN -LRB-/-lrb-/-LRB- 8 1/2/8 1/2/CD ''/''/'' x/x/CC 6 1/2/6 1/2/CD ''/''/'' -RRB-/-rrb-/-RRB- Collection/collection/NN of/of/IN the/the/DT Ursuline/Ursuline/NNP Sisters/sister/NNS of/of/IN Onze-LieveVrouw-Waver/onze-lievevrouw-waver/NN ././. ,"ROOT (ROOT-0, jar-7) compound (jar-7, 18b-1) compound (jar-7, profile-2) compound (jar-7, view-3) nummod (jar-7, 19a-4) compound (jar-7, Palm-5) compound (jar-7, wine-6) compound (Black-9, Ngbetu-8) dep (jar-7, Black-9) dep (Black-9, earthenware-10) punct (Black-9, ;-11) nummod (x-14, 21.6-12) compound (x-14, cm-13) dep (Black-9, x-14) nummod (cm-16, 16.3-15) dep (x-14, cm-16) punct (cm-16, (-17) punct (cm-16, )-23) dep (jar-7, Collection-24) case (Sisters-28, of-25) det (Sisters-28, the-26) compound (Sisters-28, Ursuline-27) nmod:of (Collection-24, Sisters-28) case (Onze-LieveVrouw-Waver-30, of-29) nmod:of (Sisters-28, Onze-LieveVrouw-Waver-30) punct (jar-7, .-31) ",earthenware,10,"dep (Black-9, earthenware-10) ",Palm wine jar Ngbetu Black earthenware ; 21.6cm x 16.3cm (,NN,[],,,,,[],[],[],,[],[],[],[],[],[],[],[],[],[],[],[],,,,,,,,,,,,,,[],[],[],[],[],[],[],[],[],[],singular,bare singular,,,False,/scratch/awahlang/COCAFiles/COCA/academic/tryAgain/completed/batch1/w_acad_2008.txt_3.csv,0,0,0,0,unknown,,,,
The lower shelf holds smaller earthenware and ceramic containers containing other empowered materials ; these containers are difficult to see in this image as a result of the recent offerings that obscure one 's view .,The/the/DT lower/lower/JJR shelf/shelf/NN holds/hold/VBZ smaller/smaller/JJR earthenware/earthenware/NN and/and/CC ceramic/ceramic/JJ containers/container/NNS containing/contain/VBG other/other/JJ empowered/empower/VBN materials/material/NNS ;/;/: these/these/DT containers/container/NNS are/be/VBP difficult/difficult/JJ to/to/TO see/see/VB in/in/IN this/this/DT image/image/NN as/as/IN a/a/DT result/result/NN of/of/IN the/the/DT recent/recent/JJ offerings/offering/NNS that/that/WDT obscure/obscure/VBP one/one/CD 's/'s/POS view/view/NN ././. ,"ROOT (ROOT-0, holds-4) det (shelf-3, The-1) amod (shelf-3, lower-2) nsubj (holds-4, shelf-3) amod (earthenware-6, smaller-5) dobj (holds-4, earthenware-6) cc (earthenware-6, and-7) amod (containers-9, ceramic-8) dobj (holds-4, containers-9) conj:and (earthenware-6, containers-9) acl (earthenware-6, containing-10) dobj (containing-10, other-11) acl (other-11, empowered-12) dobj (empowered-12, materials-13) punct (holds-4, ;-14) det (containers-16, these-15) nsubj (difficult-18, containers-16) nsubj:xsubj (see-20, containers-16) cop (difficult-18, are-17) parataxis (holds-4, difficult-18) mark (see-20, to-19) xcomp (difficult-18, see-20) case (image-23, in-21) det (image-23, this-22) nmod:in (see-20, image-23) case (result-26, as-24) det (result-26, a-25) nmod:as (see-20, result-26) case (offerings-30, of-27) det (offerings-30, the-28) amod (offerings-30, recent-29) nmod:of (result-26, offerings-30) nsubj (obscure-32, offerings-30) ref (offerings-30, that-31) acl:relcl (offerings-30, obscure-32) nmod:poss (view-35, one-33) case (one-33, 's-34) dobj (obscure-32, view-35) punct (holds-4, .-36) ",earthenware,6,"amod (earthenware-6, smaller-5) dobj (holds-4, earthenware-6) cc (earthenware-6, and-7) conj:and (earthenware-6, containers-9) acl (earthenware-6, containing-10) ",The lower shelf holds smaller earthenware and ceramic containers containing other,NN,[],holds-4,hold,VBZ,object,[],[],[],,[],[],[],[],[],[],"[('and', 'containers', 9)]",['and'],[containers-9],[],[],['smaller'],[0.04],[0.08],[0.0425],[0.028958333333333336],[0.10041666666666665],[0.055],[0.03333333333333333],[0.0675],[0.075],[0.10416666666666666],[0.21087500000000003],[0.14141666666666666],[0.020833333333333336],[],[],[],[],[],[],[],[],[],[],singular,bare singular,singular,,False,/scratch/awahlang/COCAFiles/COCA/academic/tryAgain/completed/batch1/w_acad_2009.txt_2.csv,0,0,0,0,unknown,,,,
"Most of these items are made from a mixture of clay and sand , of dark and granular appearance , although some are in yellow and finely textured earthenware .","Most/most/JJS of/of/IN these/these/DT items/item/NNS are/be/VBP made/make/VBN from/from/IN a/a/DT mixture/mixture/NN of/of/IN clay/clay/NN and/and/CC sand/sand/NN ,/,/, of/of/IN dark/dark/JJ and/and/CC granular/granular/JJ appearance/appearance/NN ,/,/, although/although/IN some/some/DT are/be/VBP in/in/IN yellow/yellow/JJ and/and/CC finely/finely/RB textured/textured/JJ earthenware/earthenware/NN ././. ","ROOT (ROOT-0, made-6) nsubjpass (made-6, Most-1) case (items-4, of-2) det (items-4, these-3) nmod:of (Most-1, items-4) auxpass (made-6, are-5) case (mixture-9, from-7) det (mixture-9, a-8) nmod:from (made-6, mixture-9) case (clay-11, of-10) nmod:of (mixture-9, clay-11) cc (clay-11, and-12) nmod:of (mixture-9, sand-13) conj:and (clay-11, sand-13) punct (mixture-9, ,-14) case (appearance-19, of-15) amod (appearance-19, dark-16) cc (dark-16, and-17) conj:and (dark-16, granular-18) amod (appearance-19, granular-18) nmod:of (mixture-9, appearance-19) punct (made-6, ,-20) mark (earthenware-29, although-21) nsubj (earthenware-29, some-22) cop (earthenware-29, are-23) case (earthenware-29, in-24) amod (earthenware-29, yellow-25) cc (yellow-25, and-26) advmod (textured-28, finely-27) conj:and (yellow-25, textured-28) amod (earthenware-29, textured-28) advcl:although (made-6, earthenware-29) punct (made-6, .-30) ",earthenware,29,"mark (earthenware-29, although-21) nsubj (earthenware-29, some-22) cop (earthenware-29, are-23) case (earthenware-29, in-24) amod (earthenware-29, yellow-25) amod (earthenware-29, textured-28) advcl:although (made-6, earthenware-29) ",in yellow and finely textured earthenware .,NN,[],earthenware-29,,NN,CopObject,[],[],[],VBP,[],[],[],[],[],[],[],[],[],[],[],"['yellow', 'textured']","[0.0025, 0.05333333333333333]","[0.0255, 0.06125]","[0.005, 0.05291666666666666]","[0.0025, 0.04]","[0.02, 0.0525]","[0.0025, 0.04625]","[0.6816666666666665, 0.25875]","[0.03, 0.0175]","[0.0075, 0.025]","[0.0625, 0.09375]","[0.11925, 0.187375]","[0.03, 0.07833333333333334]","[0.011083333333333334, 0.03304166666666667]",[],[],[],['in'],[],[],[],[],[],although,singular,bare singular,ambiguous,,False,/scratch/awahlang/COCAFiles/COCA/academic/tryAgain/completed/done/w_acad_2000.txt_3.csv,0,0,0,0,unknown,,,,
"Earthenware , 57.2cm ( 221/2 ? )","Earthenware/Earthenware/NNP ,/,/, 57.2/57.2/CD cm/cm/NN -LRB-/-lrb-/-LRB- 221/2/221/2/CD ?/?/. -RRB-/-rrb-/-RRB- ","ROOT (ROOT-0, Earthenware-1) punct (Earthenware-1, ,-2) amod (Earthenware-1, 57.2-3) dep (Earthenware-1, cm-4) punct (221/2-6, (-5) dep (cm-4, 221/2-6) punct (221/2-6, ?-7) punct (221/2-6, )-8) ",Earthenware,1,"ROOT (ROOT-0, Earthenware-1) punct (Earthenware-1, ,-2) amod (Earthenware-1, 57.2-3) dep (Earthenware-1, cm-4) ","Earthenware , 57.2cm ( 221/2 ?",NNP,[],,,,,[],[],[],,[],[],[],[],[],[],[],[],[],[],[],['57.2'],,,,,,,,,,,,,,[],[],[],[],[],[],[],[],[],[],singular,bare singular,,,False,/scratch/awahlang/COCAFiles/COCA/academic/tryAgain/completed/done/w_acad_2003.txt_2.csv,0,0,0,0,unknown,,,,
He served as the CEO and president of Turkish Cement and Earthenware Ind .,He/he/PRP served/serve/VBD as/as/IN the/the/DT CEO/CEO/NNP and/and/CC president/president/NN of/of/IN Turkish/turkish/JJ Cement/cement/NN and/and/CC Earthenware/Earthenware/NNP Ind/Ind/NNP ././. ,"ROOT (ROOT-0, served-2) nsubj (served-2, He-1) case (CEO-5, as-3) det (CEO-5, the-4) nmod:as (served-2, CEO-5) cc (CEO-5, and-6) nmod:as (served-2, president-7) conj:and (CEO-5, president-7) case (Cement-10, of-8) amod (Cement-10, Turkish-9) nmod:of (president-7, Cement-10) cc (Cement-10, and-11) compound (Ind-13, Earthenware-12) nmod:of (president-7, Ind-13) conj:and (Cement-10, Ind-13) punct (served-2, .-14) ",Earthenware,12,"compound (Ind-13, Earthenware-12) ",president of Turkish Cement and Earthenware Ind .,NNP,[],,,,,[],[],[],,[],[],[],[],[],[],[],[],[],['Ind'],[],[],,,,,,,,,,,,,,[],[],[],[],[],[],[],[],[],[],singular,bare singular,,,False,/scratch/awahlang/COCAFiles/COCA/academic/tryAgain/completed/done/w_acad_2003.txt_3.csv,0,0,0,0,unknown,,,,
"Men and women blow into their cold hands to warm them , pinching this and sniffing that , bargaining as if for their souls , undeterred by the crash of a stall that collapses under its mountain of earthenware .","Men/men/NN and/and/CC women/woman/NNS blow/blow/VBP into/into/IN their/they/PRP$ cold/cold/JJ hands/hand/NNS to/to/TO warm/warm/VB them/they/PRP ,/,/, pinching/pinch/VBG this/this/DT and/and/CC sniffing/sniff/VBG that/that/IN ,/,/, bargaining/bargaining/NN as/as/IN if/if/IN for/for/IN their/they/PRP$ souls/soul/NNS ,/,/, undeterred/undeterred/JJ by/by/IN the/the/DT crash/crash/NN of/of/IN a/a/DT stall/stall/VBP that/that/IN collapses/collapse/VBZ under/under/IN its/its/PRP$ mountain/mountain/NN of/of/IN earthenware/earthenware/NN ././. ","ROOT (ROOT-0, blow-4) nsubj (blow-4, Men-1) nsubj:xsubj (warm-10, Men-1) cc (Men-1, and-2) conj:and (Men-1, women-3) nsubj (blow-4, women-3) nsubj:xsubj (warm-10, women-3) case (hands-8, into-5) nmod:poss (hands-8, their-6) amod (hands-8, cold-7) nmod:into (blow-4, hands-8) mark (warm-10, to-9) xcomp (blow-4, warm-10) dobj (warm-10, them-11) punct (warm-10, ,-12) dep (warm-10, pinching-13) dobj (pinching-13, this-14) cc (pinching-13, and-15) dep (warm-10, sniffing-16) conj:and (pinching-13, sniffing-16) mark (stall-32, that-17) punct (stall-32, ,-18) nsubj (stall-32, bargaining-19) cc (souls-24, as-20) dep (as-20, if-21) case (souls-24, for-22) nmod:poss (souls-24, their-23) nmod:for (bargaining-19, souls-24) punct (souls-24, ,-25) nmod:by (souls-24, undeterred-26) case (undeterred-26, by-27) det (crash-29, the-28) dep (undeterred-26, crash-29) case (a-31, of-30) nmod:of (crash-29, a-31) ccomp (sniffing-16, stall-32) mark (collapses-34, that-33) ccomp (stall-32, collapses-34) case (mountain-37, under-35) nmod:poss (mountain-37, its-36) nmod:under (collapses-34, mountain-37) case (earthenware-39, of-38) nmod:of (mountain-37, earthenware-39) punct (blow-4, .-40) ",earthenware,39,"case (earthenware-39, of-38) nmod:of (mountain-37, earthenware-39) ",collapses under its mountain of earthenware .,NN,[],,,,,[],[],[],,"[('of', 'mountain', 37)]",['of'],[],['mountain'],[],[],[],[],[],[],[],[],,,,,,,,,,,,,,[],[],[],['of'],[],[],[],[],[],[],singular,bare singular,,,False,/scratch/awahlang/COCAFiles/COCA/academic/tryAgain/completed/fiction/w_fic_1999.txt_2.csv,0,0,0,0,unknown,,,,
Faience is the French term for tin-glazed earthenware .,Faience/Faience/NNP is/be/VBZ the/the/DT French/french/JJ term/term/NN for/for/IN tin-glazed/tin-glazed/JJ earthenware/earthenware/NN ././. ,"ROOT (ROOT-0, term-5) nsubj (term-5, Faience-1) cop (term-5, is-2) det (term-5, the-3) amod (term-5, French-4) case (earthenware-8, for-6) amod (earthenware-8, tin-glazed-7) nmod:for (term-5, earthenware-8) punct (term-5, .-9) ",earthenware,8,"case (earthenware-8, for-6) amod (earthenware-8, tin-glazed-7) nmod:for (term-5, earthenware-8) ",the French term for tin-glazed earthenware .,NN,[],,,,,[],[],[],,"[('for', 'term', 5)]",['for'],[],['term'],[],[],[],[],[],[],[],['tin-glazed'],,,,,,,,,,,,,,[],[],[],['for'],[],[],[],[],[],[],singular,bare singular,,,False,/scratch/awahlang/COCAFiles/COCA/academic/tryAgain/completed/fiction/w_fic_2008.txt_1.csv,0,0,0,0,unknown,,,,
"33 Leslie B. Grigsby '' Johan Nieuhof 's Embassy : An inspiration for relief decoration on English stoneware and earthenware , '' The Magazine ANTIQuES , vol.","33/33/CD Leslie/Leslie/NNP B./B./NNP Grigsby/Grigsby/NNP ''/''/'' Johan/Johan/NNP Nieuhof/Nieuhof/NNP 's/'s/POS Embassy/Embassy/NNP :/:/: An/a/DT inspiration/inspiration/NN for/for/IN relief/relief/NN decoration/decoration/NN on/on/IN English/English/NNP stoneware/stoneware/NN and/and/CC earthenware/earthenware/NN ,/,/, ''/''/'' The/the/DT Magazine/magazine/NN ANTIQuES/antiques/NN ,/,/, vol/vol/NN ././. ","ROOT (ROOT-0, 33-1) compound (Johan-6, Leslie-2) compound (Johan-6, B.-3) compound (Johan-6, Grigsby-4) punct (Johan-6, ''-5) dep (33-1, Johan-6) nmod:poss (Embassy-9, Nieuhof-7) case (Nieuhof-7, 's-8) dep (Johan-6, Embassy-9) punct (33-1, :-10) det (inspiration-12, An-11) dep (33-1, inspiration-12) case (decoration-15, for-13) compound (decoration-15, relief-14) nmod:for (inspiration-12, decoration-15) case (stoneware-18, on-16) compound (stoneware-18, English-17) nmod:on (decoration-15, stoneware-18) cc (stoneware-18, and-19) nmod:on (decoration-15, earthenware-20) conj:and (stoneware-18, earthenware-20) punct (stoneware-18, ,-21) punct (stoneware-18, ''-22) det (ANTIQuES-25, The-23) compound (ANTIQuES-25, Magazine-24) dep (stoneware-18, ANTIQuES-25) punct (ANTIQuES-25, ,-26) appos (ANTIQuES-25, vol-27) punct (33-1, .-28) ",earthenware,20,"nmod:on (decoration-15, earthenware-20) conj:and (stoneware-18, earthenware-20) ","decoration on English stoneware and earthenware , '' The Magazine ANTIQuES",NN,[],,,,,[],[],[],,"[('on', 'decoration', 15)]",['on'],[],['decoration'],[],[],"[('and', 'stoneware', 18)]",['and'],[stoneware-18],[],[],[],,,,,,,,,,,,,,[],[],[],[],[],[],[],[],[],[],singular,linked,,,False,/scratch/awahlang/COCAFiles/COCA/academic/tryAgain/completed/mag/w_mag_2002.txt_1.csv,0,0,0,0,unknown,,,,
"The 340 most important townspeople then proceeded to an '' elegant Entertainment , '' which included the drinking of forty different toasts.5 Not surprisingly , the '' Drink Fair/Dont Swear '' toast inscribed inside Winterthur 's 1722 dated delftware , or tin-glazed earthenware , punch bowl ( Pl .","The/the/DT 340/340/CD most/most/RBS important/important/JJ townspeople/townspeople/NN then/then/RB proceeded/proceed/VBD to/to/TO an/a/DT ''/''/'' elegant/elegant/JJ Entertainment/entertainment/NN ,/,/, ''/''/'' which/which/WDT included/include/VBD the/the/DT drinking/drinking/NN of/of/IN forty/forty/CD different/different/JJ toasts/toast/NNS .5/.5/CD Not/not/RB surprisingly/surprisingly/RB ,/,/, the/the/DT ''/''/'' Drink/drink/VB Fair/Dont/Fair/Dont/NNP Swear/Swear/NNP ''/''/'' toast/toast/NN inscribed/inscribe/VBD inside/inside/IN Winterthur/Winterthur/NNP 's/'s/POS 1722/1722/CD dated/dated/JJ delftware/delftware/NN ,/,/, or/or/CC tin-glazed/tin-glazed/JJ earthenware/earthenware/NN ,/,/, punch/punch/VB bowl/bowl/NN -LRB-/-lrb-/-LRB- Pl/pl/NN ././. ","ROOT (ROOT-0, proceeded-7) det (townspeople-5, The-1) nummod (townspeople-5, 340-2) advmod (important-4, most-3) amod (townspeople-5, important-4) nsubj (proceeded-7, townspeople-5) advmod (townspeople-5, then-6) case (an-9, to-8) nmod:to (proceeded-7, an-9) punct (proceeded-7, ''-10) amod (Entertainment-12, elegant-11) dobj (proceeded-7, Entertainment-12) nsubj (included-16, Entertainment-12) punct (Entertainment-12, ,-13) punct (Entertainment-12, ''-14) ref (Entertainment-12, which-15) acl:relcl (Entertainment-12, included-16) det (drinking-18, the-17) dobj (included-16, drinking-18) case (toasts-22, of-19) nummod (toasts-22, forty-20) amod (toasts-22, different-21) nmod:of (drinking-18, toasts-22) dep (surprisingly-25, .5-23) dep (surprisingly-25, Not-24) advmod (included-16, surprisingly-25) punct (proceeded-7, ,-26) dep (proceeded-7, the-27) punct (proceeded-7, ''-28) dep (proceeded-7, Drink-29) compound (Swear-31, Fair/Dont-30) dobj (Drink-29, Swear-31) punct (Swear-31, ''-32) nsubj (inscribed-34, toast-33) acl:relcl (Swear-31, inscribed-34) case (delftware-40, inside-35) nmod:poss (delftware-40, Winterthur-36) case (Winterthur-36, 's-37) nummod (delftware-40, 1722-38) amod (delftware-40, dated-39) nmod:inside (inscribed-34, delftware-40) punct (Swear-31, ,-41) cc (Swear-31, or-42) amod (earthenware-44, tin-glazed-43) dobj (Drink-29, earthenware-44) conj:or (Swear-31, earthenware-44) punct (proceeded-7, ,-45) dep (proceeded-7, punch-46) dobj (punch-46, bowl-47) punct (Pl-49, (-48) nmod (punch-46, Pl-49) punct (proceeded-7, .-50) ",earthenware,44,"amod (earthenware-44, tin-glazed-43) dobj (Drink-29, earthenware-44) conj:or (Swear-31, earthenware-44) ","delftware , or tin-glazed earthenware , punch bowl ( Pl .",NN,[],Drink-29,drink,VB,object,[],[],[],,[],[],[],[],[],[],"[('or', 'Swear', 31)]",['or'],[Swear-31],[],[],['tin-glazed'],,,,,,,,,,,,,,[],[],[],[],[],[],[],[],[],[],singular,linked,ambiguous,,False,/scratch/awahlang/COCAFiles/COCA/academic/tryAgain/completed/mag/w_mag_2002.txt_1.csv,0,0,0,0,unknown,,,,
"Lead-glazed earthenware , diameter 14 inches .","Lead-glazed/lead-glazed/JJ earthenware/earthenware/NN ,/,/, diameter/diameter/NN 14/14/CD inches/inch/NNS ././. ","ROOT (ROOT-0, earthenware-2) amod (earthenware-2, Lead-glazed-1) punct (earthenware-2, ,-3) appos (earthenware-2, diameter-4) nummod (inches-6, 14-5) dep (diameter-4, inches-6) punct (earthenware-2, .-7) ",earthenware,2,"ROOT (ROOT-0, earthenware-2) amod (earthenware-2, Lead-glazed-1) punct (earthenware-2, ,-3) appos (earthenware-2, diameter-4) punct (earthenware-2, .-7) ","Lead-glazed earthenware , diameter 14 inches .",NN,[],,,,,[],[],[],,[],[],[],[],[],[],[],[],[],[],[],['Lead-glazed'],,,,,,,,,,,,,,[],[],[],[],[],"['modified', 'diameter']",[],['diameter'],[],[],singular,bare singular,,,False,/scratch/awahlang/COCAFiles/COCA/academic/tryAgain/completed/mag/w_mag_2002.txt_1.csv,0,0,0,0,unknown,,,,
"Footnote 6 See Louis L Lipski , Dated English D Tin-glazed Earthenware , 1600-1800 , ed .","Footnote/footnote/NN 6/6/CD See/see/VB Louis/Louis/NNP L/L/NNP Lipski/Lipski/NNP ,/,/, Dated/Dated/NNP English/English/NNP D/d/NN Tin-glazed/tin-glazed/JJ Earthenware/earthenware/NN ,/,/, 1600-1800/1600-1800/CD ,/,/, ed/ed/VBN ././. ","ROOT (ROOT-0, See-3) nsubj (See-3, Footnote-1) nummod (Footnote-1, 6-2) compound (Lipski-6, Louis-4) compound (Lipski-6, L-5) dobj (See-3, Lipski-6) punct (Lipski-6, ,-7) compound (English-9, Dated-8) appos (Lipski-6, English-9) compound (Earthenware-12, D-10) amod (Earthenware-12, Tin-glazed-11) dep (English-9, Earthenware-12) punct (English-9, ,-13) amod (English-9, 1600-1800-14) punct (English-9, ,-15) acl (English-9, ed-16) punct (See-3, .-17) ",earthenware,12,"compound (Earthenware-12, D-10) amod (Earthenware-12, Tin-glazed-11) dep (English-9, Earthenware-12) ",", Dated English D Tin-glazed Earthenware , 1600-1800 , ed .",NN,[],,,,,[],[],[],,[],[],[],[],[],[],[],[],[],[],['D'],['Tin-glazed'],,,,,,,,,,,,,,[],[],[],[],[],[],[],[],[],[],singular,bare singular,,,False,/scratch/awahlang/COCAFiles/COCA/academic/tryAgain/completed/mag/w_mag_2002.txt_1.csv,0,0,0,0,unknown,,,,
"19 M. Llyn Bnin , he Early Makers of Handcrafted Earthenware and Stoneware in Central and Southern New Jersey ( Fairleigh Dickinson University Press , Rutherford , New Jersey , 1988 ) , p. 186.","19/19/CD M./m./NN Llyn/Llyn/NNP Bnin/Bnin/NNP ,/,/, he/he/PRP Early/early/RB Makers/maker/NNS of/of/IN Handcrafted/Handcrafted/NNP Earthenware/Earthenware/NNP and/and/CC Stoneware/Stoneware/NNP in/in/IN Central/Central/NNP and/and/CC Southern/Southern/NNP New/New/NNP Jersey/Jersey/NNP -LRB-/-lrb-/-LRB- Fairleigh/Fairleigh/NNP Dickinson/Dickinson/NNP University/University/NNP Press/Press/NNP ,/,/, Rutherford/Rutherford/NNP ,/,/, New/New/NNP Jersey/Jersey/NNP ,/,/, 1988/1988/CD -RRB-/-rrb-/-RRB- ,/,/, p./p./NN 186/186/CD ././. ","ROOT (ROOT-0, M.-2) nummod (M.-2, 19-1) compound (Bnin-4, Llyn-3) dep (M.-2, Bnin-4) punct (Bnin-4, ,-5) appos (Bnin-4, he-6) advmod (Makers-8, Early-7) dep (M.-2, Makers-8) case (Earthenware-11, of-9) compound (Earthenware-11, Handcrafted-10) nmod:of (Makers-8, Earthenware-11) cc (Earthenware-11, and-12) nmod:of (Makers-8, Stoneware-13) conj:and (Earthenware-11, Stoneware-13) case (Central-15, in-14) nmod:in (Earthenware-11, Central-15) cc (Earthenware-11, and-16) compound (Jersey-19, Southern-17) compound (Jersey-19, New-18) nmod:of (Makers-8, Jersey-19) conj:and (Earthenware-11, Jersey-19) punct (Press-24, (-20) compound (Press-24, Fairleigh-21) compound (Press-24, Dickinson-22) compound (Press-24, University-23) dep (Jersey-19, Press-24) punct (Press-24, ,-25) appos (Press-24, Rutherford-26) punct (Press-24, ,-27) compound (Jersey-29, New-28) appos (Press-24, Jersey-29) punct (Press-24, ,-30) amod (Press-24, 1988-31) punct (Press-24, )-32) punct (M.-2, ,-33) appos (M.-2, p.-34) nummod (p.-34, 186-35) punct (M.-2, .-36) ",Earthenware,11,"case (Earthenware-11, of-9) compound (Earthenware-11, Handcrafted-10) nmod:of (Makers-8, Earthenware-11) cc (Earthenware-11, and-12) conj:and (Earthenware-11, Stoneware-13) nmod:in (Earthenware-11, Central-15) cc (Earthenware-11, and-16) conj:and (Earthenware-11, Jersey-19) ",he Early Makers of Handcrafted Earthenware and Stoneware in Central and,NNP,[],,,,,[],[],[],,"[('of', 'Makers', 8), ('in', 'Central', 15)]","['of', 'in']",['Central'],['Makers'],[],[],"[('and', 'Stoneware', 13), ('and', 'Jersey', 19)]","['and', 'and']","[Stoneware-13, Jersey-19]",[],['Handcrafted'],[],,,,,,,,,,,,,,[],[],[],['of'],[],[],[],[],[],[],singular,bare singular,,,False,/scratch/awahlang/COCAFiles/COCA/academic/tryAgain/completed/mag/w_mag_2002.txt_1.csv,0,0,0,0,unknown,,,,
"Page 28 from Silber and Fleming , Illustrated pattern book of English china and earthenware .","Page/Page/NNP 28/28/CD from/from/IN Silber/Silber/NNP and/and/CC Fleming/Fleming/NNP ,/,/, Illustrated/Illustrated/NNP pattern/pattern/NN book/book/NN of/of/IN English/English/NNP china/china/NN and/and/CC earthenware/earthenware/NN ././. ","ROOT (ROOT-0, Page-1) nummod (Page-1, 28-2) case (Silber-4, from-3) nmod:from (Page-1, Silber-4) cc (Silber-4, and-5) nmod:from (Page-1, Fleming-6) conj:and (Silber-4, Fleming-6) punct (Page-1, ,-7) compound (book-10, Illustrated-8) compound (book-10, pattern-9) appos (Page-1, book-10) case (china-13, of-11) compound (china-13, English-12) nmod:of (book-10, china-13) cc (china-13, and-14) nmod:of (book-10, earthenware-15) conj:and (china-13, earthenware-15) punct (Page-1, .-16) ",earthenware,15,"nmod:of (book-10, earthenware-15) conj:and (china-13, earthenware-15) ",book of English china and earthenware .,NN,[],,,,,[],[],[],,"[('of', 'book', 10)]",['of'],[],['book'],[],[],"[('and', 'china', 13)]",['and'],[china-13],[],[],[],,,,,,,,,,,,,,[],[],[],[],[],[],[],[],[],[],singular,linked,,,False,/scratch/awahlang/COCAFiles/COCA/academic/tryAgain/completed/mag/w_mag_2002.txt_1.csv,0,0,0,0,unknown,,,,
"Page 28 from Silber and Fleming , Illustrated pattern book of English china and earthenware .","Page/Page/NNP 28/28/CD from/from/IN Silber/Silber/NNP and/and/CC Fleming/Fleming/NNP ,/,/, Illustrated/Illustrated/NNP pattern/pattern/NN book/book/NN of/of/IN English/English/NNP china/china/NN and/and/CC earthenware/earthenware/NN ././. ","ROOT (ROOT-0, Page-1) nummod (Page-1, 28-2) case (Silber-4, from-3) nmod:from (Page-1, Silber-4) cc (Silber-4, and-5) nmod:from (Page-1, Fleming-6) conj:and (Silber-4, Fleming-6) punct (Page-1, ,-7) compound (book-10, Illustrated-8) compound (book-10, pattern-9) appos (Page-1, book-10) case (china-13, of-11) compound (china-13, English-12) nmod:of (book-10, china-13) cc (china-13, and-14) nmod:of (book-10, earthenware-15) conj:and (china-13, earthenware-15) punct (Page-1, .-16) ",earthenware,15,"nmod:of (book-10, earthenware-15) conj:and (china-13, earthenware-15) ",book of English china and earthenware .,NN,[],,,,,[],[],[],,"[('of', 'book', 10)]",['of'],[],['book'],[],[],"[('and', 'china', 13)]",['and'],[china-13],[],[],[],,,,,,,,,,,,,,[],[],[],[],[],[],[],[],[],[],singular,linked,,,False,/scratch/awahlang/COCAFiles/COCA/academic/tryAgain/completed/mag/w_mag_2002.txt_1.csv,0,0,0,0,unknown,,,,
"Page 28 from Silber and Fleming , Illustrated pattern book of English china and earthenware .","Page/Page/NNP 28/28/CD from/from/IN Silber/Silber/NNP and/and/CC Fleming/Fleming/NNP ,/,/, Illustrated/Illustrated/NNP pattern/pattern/NN book/book/NN of/of/IN English/English/NNP china/china/NN and/and/CC earthenware/earthenware/NN ././. ","ROOT (ROOT-0, Page-1) nummod (Page-1, 28-2) case (Silber-4, from-3) nmod:from (Page-1, Silber-4) cc (Silber-4, and-5) nmod:from (Page-1, Fleming-6) conj:and (Silber-4, Fleming-6) punct (Page-1, ,-7) compound (book-10, Illustrated-8) compound (book-10, pattern-9) appos (Page-1, book-10) case (china-13, of-11) compound (china-13, English-12) nmod:of (book-10, china-13) cc (china-13, and-14) nmod:of (book-10, earthenware-15) conj:and (china-13, earthenware-15) punct (Page-1, .-16) ",earthenware,15,"nmod:of (book-10, earthenware-15) conj:and (china-13, earthenware-15) ",book of English china and earthenware .,NN,[],,,,,[],[],[],,"[('of', 'book', 10)]",['of'],[],['book'],[],[],"[('and', 'china', 13)]",['and'],[china-13],[],[],[],,,,,,,,,,,,,,[],[],[],[],[],[],[],[],[],[],singular,linked,,,False,/scratch/awahlang/COCAFiles/COCA/academic/tryAgain/completed/mag/w_mag_2002.txt_1.csv,0,0,0,0,unknown,,,,
center : M.L. Bagwell creates beautiful earthenware in her creekside studio ; her husband shapes fine porcelain work .,center/center/NN :/:/: M.L./M.L./NNP Bagwell/Bagwell/NNP creates/create/VBZ beautiful/beautiful/JJ earthenware/earthenware/NN in/in/IN her/she/PRP$ creekside/creekside/JJ studio/studio/NN ;/;/: her/she/PRP$ husband/husband/NN shapes/shape/VBZ fine/fine/JJ porcelain/porcelain/NN work/work/NN ././. ,"ROOT (ROOT-0, center-1) punct (center-1, :-2) compound (Bagwell-4, M.L.-3) nsubj (creates-5, Bagwell-4) appos (center-1, creates-5) amod (earthenware-7, beautiful-6) dobj (creates-5, earthenware-7) case (studio-11, in-8) nmod:poss (studio-11, her-9) amod (studio-11, creekside-10) nmod:in (earthenware-7, studio-11) punct (creates-5, ;-12) nmod:poss (husband-14, her-13) nsubj (shapes-15, husband-14) parataxis (creates-5, shapes-15) amod (work-18, fine-16) compound (work-18, porcelain-17) dobj (shapes-15, work-18) punct (center-1, .-19) ",earthenware,7,"amod (earthenware-7, beautiful-6) dobj (creates-5, earthenware-7) nmod:in (earthenware-7, studio-11) ",: M.L. Bagwell creates beautiful earthenware in her creekside studio ;,NN,[],creates-5,create,VBZ,object,[],[],[],,"[('in', 'studio', 11)]",['in'],['studio'],[],[],[],[],[],[],[],[],['beautiful'],[0.005],[0.7004166666666666],[0.0075],[0.0075],[0.040625],[0.0175],[0.0175],[0.055],[0.0325],[0.0425],[0.05208333333333333],[0.0175],[0.004375],[],[],[],[],[],[],[],[],[],[],singular,bare singular,singular,,False,/scratch/awahlang/COCAFiles/COCA/academic/tryAgain/completed/mag/w_mag_2002.txt_1.csv,0,0,0,0,unknown,,,,
"I find it striking that less decorated and cheaper earthenware was almost completely absent-particularly because it would have been available from the same sources as the soft , fragile delftware .","I/I/PRP find/find/VBP it/it/PRP striking/striking/JJ that/that/IN less/less/JJR decorated/decorate/VBN and/and/CC cheaper/cheaper/JJR earthenware/earthenware/NN was/be/VBD almost/almost/RB completely/completely/RB absent-particularly/absent-particularly/JJ because/because/IN it/it/PRP would/would/MD have/have/VB been/be/VBN available/available/JJ from/from/IN the/the/DT same/same/JJ sources/source/NNS as/as/IN the/the/DT soft/soft/JJ ,/,/, fragile/fragile/JJ delftware/delftware/NN ././. ","ROOT (ROOT-0, find-2) nsubj (find-2, I-1) nsubj (striking-4, it-3) xcomp (find-2, striking-4) mark (absent-particularly-14, that-5) advmod (decorated-7, less-6) amod (earthenware-10, decorated-7) cc (decorated-7, and-8) conj:and (decorated-7, cheaper-9) amod (earthenware-10, cheaper-9) nsubj (absent-particularly-14, earthenware-10) cop (absent-particularly-14, was-11) advmod (absent-particularly-14, almost-12) advmod (absent-particularly-14, completely-13) ccomp (find-2, absent-particularly-14) mark (available-20, because-15) nsubj (available-20, it-16) aux (available-20, would-17) aux (available-20, have-18) cop (available-20, been-19) ccomp (absent-particularly-14, available-20) case (sources-24, from-21) det (sources-24, the-22) amod (sources-24, same-23) nmod:from (available-20, sources-24) case (delftware-30, as-25) det (delftware-30, the-26) amod (delftware-30, soft-27) punct (delftware-30, ,-28) amod (delftware-30, fragile-29) nmod:as (available-20, delftware-30) punct (find-2, .-31) ",earthenware,10,"amod (earthenware-10, decorated-7) amod (earthenware-10, cheaper-9) nsubj (absent-particularly-14, earthenware-10) ",that less decorated and cheaper earthenware was almost completely absent-particularly because,NN,[],was-11,,VBD,CopSubject,[],[],[],JJ,[],[],[],[],[],[],[],[],[],[],[],"['decorated', 'cheaper']","[0.0475, 0.08708333333333332]","[0.077, 0.0625]","[0.0775, 0.17791666666666667]","[0.0475, 0.085]","[0.049166666666666664, 0.095]","[0.06, 0.017333333333333333]","[0.14141666666666666, 0.0575]","[0.1125, 0.09]","[0.08, 0.04]","[0.0655, 0.0625]","[0.092, 0.08766666666666666]","[0.13241666666666668, 0.125]","[0.0175, 0.0125]",[],[],[],[],[],[],[],[],[],[],singular,bare singular,ambiguous,,False,/scratch/awahlang/COCAFiles/COCA/academic/tryAgain/completed/mag/w_mag_2002.txt_1.csv,0,0,0,0,unknown,,,,
"6 ) -Vision Altar , 2001 , white earthenware , glaze , 14 x 14 x 24 inches , in the annual faculty exhibition , including 24 artists .","6/6/CD -RRB-/-rrb-/-RRB- -/-/: Vision/Vision/NNP Altar/Altar/NNP ,/,/, 2001/2001/CD ,/,/, white/white/JJ earthenware/earthenware/NN ,/,/, glaze/glaze/VBP ,/,/, 14/14/CD x/x/CC 14/14/CD x/x/CC 24/24/CD inches/inch/NNS ,/,/, in/in/IN the/the/DT annual/annual/JJ faculty/faculty/NN exhibition/exhibition/NN ,/,/, including/include/VBG 24/24/CD artists/artist/NNS ././. ","ROOT (ROOT-0, 6-1) punct (6-1, )-2) punct (6-1, --3) compound (Altar-5, Vision-4) dep (6-1, Altar-5) punct (6-1, ,-6) nsubj (glaze-12, 2001-7) punct (2001-7, ,-8) amod (earthenware-10, white-9) appos (2001-7, earthenware-10) punct (2001-7, ,-11) dep (6-1, glaze-12) punct (6-1, ,-13) appos (6-1, 14-14) cc (14-14, x-15) appos (6-1, 14-16) conj:x (14-14, 14-16) cc (14-16, x-17) nummod (inches-19, 24-18) conj:x (14-14, inches-19) conj:x (14-16, inches-19) punct (6-1, ,-20) case (exhibition-25, in-21) det (exhibition-25, the-22) amod (exhibition-25, annual-23) compound (exhibition-25, faculty-24) nmod:in (6-1, exhibition-25) punct (6-1, ,-26) case (artists-29, including-27) nummod (artists-29, 24-28) nmod:including (6-1, artists-29) punct (6-1, .-30) ",earthenware,10,"amod (earthenware-10, white-9) appos (2001-7, earthenware-10) ",", 2001 , white earthenware , glaze , 14 x 14",NN,[],,,,,[],[],[],,[],[],[],[],[],[],[],[],[],[],[],['white'],[0.0075],[0.00625],[0.0],[0.0],[0.01],[0.005],[0.4521875000000001],[0.0175],[0.44885416666666644],[0.02375],[0.018958333333333334],[0.005],[0.005],[],[],[],[],[],"['modifier', '2001']",['2001'],[],[],[],singular,bare singular,,,False,/scratch/awahlang/COCAFiles/COCA/academic/tryAgain/completed/mag/w_mag_2002.txt_1.csv,0,0,0,0,unknown,,,,
"Photograph OPPOSITE PAGE : Black Teapot with Bluebird , 2001 , colored earthenware , porcelain , thrown , modeled , multiple-fired , 18 by 6112 inches .","Photograph/Photograph/NNP OPPOSITE/OPPOSITE/NNP PAGE/PAGE/NNP :/:/: Black/Black/NNP Teapot/Teapot/NNP with/with/IN Bluebird/Bluebird/NNP ,/,/, 2001/2001/CD ,/,/, colored/color/VBN earthenware/earthenware/NN ,/,/, porcelain/porcelain/NN ,/,/, thrown/throw/VBN ,/,/, modeled/model/VBN ,/,/, multiple-fired/multiple-fired/JJ ,/,/, 18/18/CD by/by/IN 6112/6112/CD inches/inch/NNS ././. ","ROOT (ROOT-0, PAGE-3) compound (PAGE-3, Photograph-1) compound (PAGE-3, OPPOSITE-2) punct (PAGE-3, :-4) compound (Teapot-6, Black-5) dep (PAGE-3, Teapot-6) case (Bluebird-8, with-7) nmod:with (Teapot-6, Bluebird-8) punct (Bluebird-8, ,-9) appos (Bluebird-8, 2001-10) punct (2001-10, ,-11) amod (earthenware-13, colored-12) appos (2001-10, earthenware-13) punct (2001-10, ,-14) appos (2001-10, porcelain-15) punct (porcelain-15, ,-16) acl (porcelain-15, thrown-17) punct (2001-10, ,-18) acl (2001-10, modeled-19) punct (modeled-19, ,-20) xcomp (modeled-19, multiple-fired-21) punct (modeled-19, ,-22) dep (modeled-19, 18-23) case (inches-26, by-24) nummod (inches-26, 6112-25) nmod:by (18-23, inches-26) punct (PAGE-3, .-27) ",earthenware,13,"amod (earthenware-13, colored-12) appos (2001-10, earthenware-13) ","Bluebird , 2001 , colored earthenware , porcelain , thrown ,",NN,[],,,,,[],[],[],,[],[],[],[],[],[],[],[],[],[],[],['colored'],[0.02125],[0.033125],[0.0275],[0.005],[0.018333333333333333],[0.01],[0.02770833333333333],[0.0225],[0.66],[0.03625],[0.09083333333333332],[0.0425],[0.005],[],[],[],[],[],"['modifier', '2001']",['2001'],[],[],[],singular,bare singular,,,False,/scratch/awahlang/COCAFiles/COCA/academic/tryAgain/completed/mag/w_mag_2002.txt_1.csv,0,0,0,0,unknown,,,,
"In fact , most of Erickson 's work has been within the British tradition : earthenwares of the 17th and i8th centuries ; the somewhat later development of '' mocha '' glazes ; and , more recently , medieval handbuilt pottery and early soft-paste porcelains .","In/in/IN fact/fact/NN ,/,/, most/most/JJS of/of/IN Erickson/Erickson/NNP 's/'s/POS work/work/NN has/have/VBZ been/be/VBN within/within/IN the/the/DT British/british/JJ tradition/tradition/NN :/:/: earthenwares/earthenware/NNS of/of/IN the/the/DT 17th/17th/JJ and/and/CC i8th/i8th/JJ centuries/century/NNS ;/;/: the/the/DT somewhat/somewhat/RB later/later/JJ development/development/NN of/of/IN ''/''/'' mocha/mocha/NN ''/''/'' glazes/glaze/NNS ;/;/: and/and/CC ,/,/, more/more/RBR recently/recently/RB ,/,/, medieval/medieval/JJ handbuilt/handbuilt/NN pottery/pottery/NN and/and/CC early/early/JJ soft-paste/soft-paste/JJ porcelains/porcelain/NNS ././. ","ROOT (ROOT-0, tradition-14) case (fact-2, In-1) nmod:in (tradition-14, fact-2) punct (tradition-14, ,-3) nsubj (tradition-14, most-4) case (work-8, of-5) nmod:poss (work-8, Erickson-6) case (Erickson-6, 's-7) nmod:of (most-4, work-8) aux (tradition-14, has-9) cop (tradition-14, been-10) case (tradition-14, within-11) det (tradition-14, the-12) amod (tradition-14, British-13) punct (tradition-14, :-15) conj:and (tradition-14, earthenwares-16) case (centuries-22, of-17) det (centuries-22, the-18) amod (centuries-22, 17th-19) cc (17th-19, and-20) conj:and (17th-19, i8th-21) amod (centuries-22, i8th-21) nmod:of (earthenwares-16, centuries-22) punct (tradition-14, ;-23) det (development-27, the-24) advmod (development-27, somewhat-25) amod (development-27, later-26) conj:and (tradition-14, development-27) case (mocha-30, of-28) punct (mocha-30, ''-29) nmod:of (development-27, mocha-30) punct (development-27, ''-31) dep (development-27, glazes-32) punct (tradition-14, ;-33) cc (tradition-14, and-34) punct (recently-37, ,-35) advmod (recently-37, more-36) dep (tradition-14, recently-37) punct (recently-37, ,-38) amod (pottery-41, medieval-39) compound (pottery-41, handbuilt-40) conj:and (tradition-14, pottery-41) cc (pottery-41, and-42) amod (porcelains-45, early-43) amod (porcelains-45, soft-paste-44) conj:and (tradition-14, porcelains-45) conj:and (pottery-41, porcelains-45) punct (tradition-14, .-46) ",earthenware,16,"conj:and (tradition-14, earthenwares-16) nmod:of (earthenwares-16, centuries-22) ",within the British tradition : earthenwares of the 17th and i8th,NNS,[],,,,,[],[],[],,"[('of', 'centuries', 22)]",['of'],['centuries'],[],[],[],"[('and', 'tradition', 14)]",['and'],[tradition-14],[],[],[],,,,,,,,,,,,,,[],[],[],[],[],[],[],[],[],[],plural,linked,,,False,/scratch/awahlang/COCAFiles/COCA/academic/tryAgain/completed/mag/w_mag_2002.txt_1.csv,0,0,0,0,unknown,,,,
"Photograph OPPOSITE PAGE CLOCKWISE FROM TOP LEFT : Adam and Eve Roemer , 2002 , porcelain ; thrown , sgraffito , slip , 8 by 5 inches ; Two Teapots , 2002 , earthenware , thrown , lathe-turned , slip , 14 by 10 inches ; Mocha Cup with Handles , 2000 , earthenware , thrown , lathe-turned , slip , 15 by 8 inches ; Pagoda Pyramids , 2002 , earthenware.","Photograph/Photograph/NNP OPPOSITE/OPPOSITE/NNP PAGE/PAGE/NNP CLOCKWISE/CLOCKWISE/NNP FROM/FROM/NNP TOP/TOP/NNP LEFT/LEFT/NNP :/:/: Adam/Adam/NNP and/and/CC Eve/Eve/NNP Roemer/Roemer/NNP ,/,/, 2002/2002/CD ,/,/, porcelain/porcelain/NN ;/;/: thrown/throw/VBN ,/,/, sgraffito/sgraffito/NN ,/,/, slip/slip/NN ,/,/, 8/8/CD by/by/IN 5/5/CD inches/inch/NNS ;/;/: Two/two/CD Teapots/teapot/NNS ,/,/, 2002/2002/CD ,/,/, earthenware/earthenware/JJ ,/,/, thrown/throw/VBN ,/,/, lathe-turned/lathe-turned/JJ ,/,/, slip/slip/NN ,/,/, 14/14/CD by/by/IN 10/10/CD inches/inch/NNS ;/;/: Mocha/Mocha/NNP Cup/Cup/NNP with/with/IN Handles/Handles/NNPS ,/,/, 2000/2000/CD ,/,/, earthenware/earthenware/JJ ,/,/, thrown/throw/VBN ,/,/, lathe-turned/lathe-turned/JJ ,/,/, slip/slip/NN ,/,/, 15/15/CD by/by/IN 8/8/CD inches/inch/NNS ;/;/: Pagoda/Pagoda/NNP Pyramids/Pyramids/NNP ,/,/, 2002/2002/CD ,/,/, earthenware/earthenware/NN ././. ","ROOT (ROOT-0, LEFT-7) compound (LEFT-7, Photograph-1) compound (LEFT-7, OPPOSITE-2) compound (LEFT-7, PAGE-3) compound (LEFT-7, CLOCKWISE-4) compound (LEFT-7, FROM-5) compound (LEFT-7, TOP-6) punct (LEFT-7, :-8) compound (Roemer-12, Adam-9) cc (Adam-9, and-10) conj:and (Adam-9, Eve-11) compound (Roemer-12, Eve-11) dep (LEFT-7, Roemer-12) punct (Roemer-12, ,-13) amod (Roemer-12, 2002-14) punct (Roemer-12, ,-15) appos (Roemer-12, porcelain-16) punct (LEFT-7, ;-17) dep (LEFT-7, thrown-18) punct (LEFT-7, ,-19) parataxis (LEFT-7, sgraffito-20) punct (sgraffito-20, ,-21) appos (sgraffito-20, slip-22) punct (sgraffito-20, ,-23) appos (sgraffito-20, 8-24) case (inches-27, by-25) nummod (inches-27, 5-26) nmod:by (8-24, inches-27) punct (inches-27, ;-28) nummod (Teapots-30, Two-29) dep (inches-27, Teapots-30) punct (inches-27, ,-31) amod (inches-27, 2002-32) punct (inches-27, ,-33) amod (inches-27, earthenware-34) punct (inches-27, ,-35) acl (inches-27, thrown-36) punct (8-24, ,-37) appos (8-24, lathe-turned-38) punct (lathe-turned-38, ,-39) appos (lathe-turned-38, slip-40) punct (lathe-turned-38, ,-41) appos (lathe-turned-38, 14-42) case (inches-45, by-43) nummod (inches-45, 10-44) nmod:by (14-42, inches-45) punct (14-42, ;-46) compound (Cup-48, Mocha-47) dep (14-42, Cup-48) case (Handles-50, with-49) nmod:with (Cup-48, Handles-50) punct (14-42, ,-51) amod (14-42, 2000-52) punct (14-42, ,-53) amod (14-42, earthenware-54) punct (14-42, ,-55) acl (14-42, thrown-56) punct (8-24, ,-57) appos (8-24, lathe-turned-58) punct (lathe-turned-58, ,-59) appos (lathe-turned-58, slip-60) punct (8-24, ,-61) appos (8-24, 15-62) case (inches-65, by-63) nummod (inches-65, 8-64) nmod:by (15-62, inches-65) punct (8-24, ;-66) compound (Pyramids-68, Pagoda-67) dep (8-24, Pyramids-68) punct (Pyramids-68, ,-69) amod (Pyramids-68, 2002-70) punct (Pyramids-68, ,-71) appos (Pyramids-68, earthenware-72) punct (sgraffito-20, .-73) ",earthenware,72,"appos (Pyramids-68, earthenware-72) ","Pagoda Pyramids , 2002 , earthenware.",NN,[],,,,,[],[],[],,[],[],[],[],[],[],[],[],[],[],[],[],,,,,,,,,,,,,,[],[],[],[],[],"['modifier', 'Pyramids']",['Pyramids'],[],[],[],singular,bare singular,,,False,/scratch/awahlang/COCAFiles/COCA/academic/tryAgain/completed/mag/w_mag_2002.txt_1.csv,0,0,0,0,unknown,,,,
Earthenware .,Earthenware/Earthenware/NNP ././. ,"ROOT (ROOT-0, Earthenware-1) punct (Earthenware-1, .-2) ",Earthenware,1,"ROOT (ROOT-0, Earthenware-1) punct (Earthenware-1, .-2) ",Earthenware .,NNP,[],,,,,[],[],[],,[],[],[],[],[],[],[],[],[],[],[],[],,,,,,,,,,,,,,[],[],[],[],[],[],[],[],[],[],singular,bare singular,,,False,/scratch/awahlang/COCAFiles/COCA/academic/tryAgain/completed/mag/w_mag_2004.txt_1.csv,0,0,0,0,unknown,,,,
"Today , collectors are drawn to the earthenware 's folk-art appeal .","Today/today/NN ,/,/, collectors/collector/NNS are/be/VBP drawn/draw/VBN to/to/TO the/the/DT earthenware/earthenware/NN 's/'s/POS folk-art/folk-art/JJ appeal/appeal/NN ././. ","ROOT (ROOT-0, drawn-5) nmod:tmod (drawn-5, Today-1) punct (drawn-5, ,-2) nsubjpass (drawn-5, collectors-3) auxpass (drawn-5, are-4) case (appeal-11, to-6) det (earthenware-8, the-7) nmod:poss (appeal-11, earthenware-8) case (earthenware-8, 's-9) amod (appeal-11, folk-art-10) nmod:to (drawn-5, appeal-11) punct (drawn-5, .-12) ",earthenware,8,"det (earthenware-8, the-7) nmod:poss (appeal-11, earthenware-8) case (earthenware-8, 's-9) ",collectors are drawn to the earthenware 's folk-art appeal .,NN,[],,,,,[],[],[],,[],[],[],[],['the'],['definite article'],[],[],[],[],[],[],,,,,,,,,,,,,,[],['appeal'],[],"[""'s""]",[],[],[],[],[],[],singular,linked,,,False,/scratch/awahlang/COCAFiles/COCA/academic/tryAgain/completed/mag/w_mag_2005.txt_1.csv,0,0,0,0,unknown,the,non-Denumerator,the,
"Photograph Amy Sabrina 's ceramics are white earthenware , incised , then bisque-fired to cone 03 .","Photograph/Photograph/NNP Amy/Amy/NNP Sabrina/Sabrina/NNP 's/'s/POS ceramics/ceramic/NNS are/be/VBP white/white/JJ earthenware/earthenware/NN ,/,/, incised/incise/VBN ,/,/, then/then/RB bisque-fired/bisque-fired/JJ to/to/TO cone/cone/NN 03/03/NN ././. ","ROOT (ROOT-0, earthenware-8) compound (Sabrina-3, Photograph-1) compound (Sabrina-3, Amy-2) nmod:poss (ceramics-5, Sabrina-3) case (Sabrina-3, 's-4) nsubj (earthenware-8, ceramics-5) cop (earthenware-8, are-6) amod (earthenware-8, white-7) punct (earthenware-8, ,-9) acl (earthenware-8, incised-10) punct (earthenware-8, ,-11) advmod (bisque-fired-13, then-12) amod (earthenware-8, bisque-fired-13) case (03-16, to-14) compound (03-16, cone-15) nmod:to (bisque-fired-13, 03-16) punct (earthenware-8, .-17) ",earthenware,8,"ROOT (ROOT-0, earthenware-8) nsubj (earthenware-8, ceramics-5) cop (earthenware-8, are-6) amod (earthenware-8, white-7) punct (earthenware-8, ,-9) acl (earthenware-8, incised-10) punct (earthenware-8, ,-11) amod (earthenware-8, bisque-fired-13) punct (earthenware-8, .-17) ","Sabrina 's ceramics are white earthenware , incised , then bisque-fired",NN,[],earthenware-8,,NN,CopObject,[],[],[],VBP,[],[],[],[],[],[],[],[],[],[],[],"['white', 'bisque-fired']",[0.0075],[0.00625],[0.0],[0.0],[0.01],[0.005],[0.4521875000000001],[0.0175],[0.44885416666666644],[0.02375],[0.018958333333333334],[0.005],[0.005],[],[],[],[],[],[],[],[],[],[],singular,bare singular,ambiguous,,False,/scratch/awahlang/COCAFiles/COCA/academic/tryAgain/completed/mag/w_mag_2005.txt_1.csv,0,0,0,0,unknown,,,,
"Photograph Amy Sabrina 's ceramics are white earthenware , incised , then bisque-fired to cone 03 .","Photograph/Photograph/NNP Amy/Amy/NNP Sabrina/Sabrina/NNP 's/'s/POS ceramics/ceramic/NNS are/be/VBP white/white/JJ earthenware/earthenware/NN ,/,/, incised/incise/VBN ,/,/, then/then/RB bisque-fired/bisque-fired/JJ to/to/TO cone/cone/NN 03/03/NN ././. ","ROOT (ROOT-0, earthenware-8) compound (Sabrina-3, Photograph-1) compound (Sabrina-3, Amy-2) nmod:poss (ceramics-5, Sabrina-3) case (Sabrina-3, 's-4) nsubj (earthenware-8, ceramics-5) cop (earthenware-8, are-6) amod (earthenware-8, white-7) punct (earthenware-8, ,-9) acl (earthenware-8, incised-10) punct (earthenware-8, ,-11) advmod (bisque-fired-13, then-12) amod (earthenware-8, bisque-fired-13) case (03-16, to-14) compound (03-16, cone-15) nmod:to (bisque-fired-13, 03-16) punct (earthenware-8, .-17) ",earthenware,8,"ROOT (ROOT-0, earthenware-8) nsubj (earthenware-8, ceramics-5) cop (earthenware-8, are-6) amod (earthenware-8, white-7) punct (earthenware-8, ,-9) acl (earthenware-8, incised-10) punct (earthenware-8, ,-11) amod (earthenware-8, bisque-fired-13) punct (earthenware-8, .-17) ","Sabrina 's ceramics are white earthenware , incised , then bisque-fired",NN,[],earthenware-8,,NN,CopObject,[],[],[],VBP,[],[],[],[],[],[],[],[],[],[],[],"['white', 'bisque-fired']",[0.0075],[0.00625],[0.0],[0.0],[0.01],[0.005],[0.4521875000000001],[0.0175],[0.44885416666666644],[0.02375],[0.018958333333333334],[0.005],[0.005],[],[],[],[],[],[],[],[],[],[],singular,bare singular,ambiguous,,False,/scratch/awahlang/COCAFiles/COCA/academic/tryAgain/completed/mag/w_mag_2005.txt_1.csv,0,0,0,0,unknown,,,,
"An incisive pairing in the exhibit displayed the 1979 Earthenware Platterwith Geometric Drawing and Flower Painting beside Porcelain Platterwith Flower Painting , 2004 .","An/a/DT incisive/incisive/JJ pairing/pairing/NN in/in/IN the/the/DT exhibit/exhibit/NN displayed/display/VBD the/the/DT 1979/1979/CD Earthenware/Earthenware/NNP Platterwith/Platterwith/NNP Geometric/Geometric/NNP Drawing/Drawing/NNP and/and/CC Flower/Flower/NNP Painting/Painting/NNP beside/beside/IN Porcelain/Porcelain/NNP Platterwith/Platterwith/NNP Flower/Flower/NNP Painting/Painting/NNP ,/,/, 2004/2004/CD ././. ","ROOT (ROOT-0, displayed-7) det (pairing-3, An-1) amod (pairing-3, incisive-2) nsubj (displayed-7, pairing-3) case (exhibit-6, in-4) det (exhibit-6, the-5) nmod:in (pairing-3, exhibit-6) det (Drawing-13, the-8) nummod (Drawing-13, 1979-9) compound (Drawing-13, Earthenware-10) compound (Drawing-13, Platterwith-11) compound (Drawing-13, Geometric-12) dobj (displayed-7, Drawing-13) cc (Drawing-13, and-14) compound (Painting-16, Flower-15) dobj (displayed-7, Painting-16) conj:and (Drawing-13, Painting-16) case (Painting-21, beside-17) compound (Painting-21, Porcelain-18) compound (Painting-21, Platterwith-19) compound (Painting-21, Flower-20) nmod:beside (displayed-7, Painting-21) punct (Painting-21, ,-22) amod (Painting-21, 2004-23) punct (displayed-7, .-24) ",Earthenware,10,"compound (Drawing-13, Earthenware-10) ",the exhibit displayed the 1979 Earthenware Platterwith Geometric Drawing and Flower,NNP,[],,,,,[],[],[],,[],[],[],[],[],[],[],[],[],['Drawing'],[],[],,,,,,,,,,,,,,[],[],[],[],[],[],[],[],[],[],singular,bare singular,,,False,/scratch/awahlang/COCAFiles/COCA/academic/tryAgain/completed/mag/w_mag_2005.txt_1.csv,0,0,0,0,unknown,,,,
"Samuel Pepys records buying sets and uses the term several times in his diary in the 1660s.27 But as decorated earthenware and stoneware began to replace treenware after the Civil War , the connections trenchers preserved between oral and literary culture became less clear .","Samuel/Samuel/NNP Pepys/Pepys/NNP records/record/NNS buying/buy/VBG sets/set/NNS and/and/CC uses/use/VBZ the/the/DT term/term/NN several/several/JJ times/time/NNS in/in/IN his/he/PRP$ diary/diary/NN in/in/IN the/the/DT 1660s/1660s/CD .27/.27/CD But/but/CC as/as/IN decorated/decorate/VBN earthenware/earthenware/NN and/and/CC stoneware/stoneware/NN began/begin/VBD to/to/TO replace/replace/VB treenware/treenware/NN after/after/IN the/the/DT Civil/civil/JJ War/war/NN ,/,/, the/the/DT connections/connection/NNS trenchers/trencher/NNS preserved/preserve/VBD between/between/IN oral/oral/JJ and/and/CC literary/literary/JJ culture/culture/NN became/become/VBD less/less/RBR clear/clear/JJ ././. ","ROOT (ROOT-0, buying-4) compound (records-3, Samuel-1) compound (records-3, Pepys-2) nsubj (buying-4, records-3) nsubj (uses-7, records-3) dobj (buying-4, sets-5) cc (buying-4, and-6) conj:and (buying-4, uses-7) det (term-9, the-8) dobj (uses-7, term-9) advmod (times-11, several-10) nummod (term-9, times-11) case (diary-14, in-12) nmod:poss (diary-14, his-13) nmod:in (uses-7, diary-14) case (.27-18, in-15) det (.27-18, the-16) nummod (.27-18, 1660s-17) nmod:in (diary-14, .27-18) cc (buying-4, But-19) mark (began-25, as-20) amod (earthenware-22, decorated-21) nsubj (began-25, earthenware-22) nsubj:xsubj (replace-27, earthenware-22) cc (earthenware-22, and-23) conj:and (earthenware-22, stoneware-24) nsubj (began-25, stoneware-24) nsubj:xsubj (replace-27, stoneware-24) advcl:as (preserved-37, began-25) mark (replace-27, to-26) xcomp (began-25, replace-27) dobj (replace-27, treenware-28) case (War-32, after-29) det (War-32, the-30) amod (War-32, Civil-31) nmod:after (replace-27, War-32) punct (preserved-37, ,-33) det (trenchers-36, the-34) compound (trenchers-36, connections-35) nsubj (preserved-37, trenchers-36) conj:and (buying-4, preserved-37) case (oral-39, between-38) nmod:between (preserved-37, oral-39) cc (buying-4, and-40) amod (culture-42, literary-41) nsubj (became-43, culture-42) conj:and (buying-4, became-43) advmod (clear-45, less-44) xcomp (became-43, clear-45) punct (buying-4, .-46) ",earthenware,22,"amod (earthenware-22, decorated-21) nsubj (began-25, earthenware-22) nsubj:xsubj (replace-27, earthenware-22) cc (earthenware-22, and-23) conj:and (earthenware-22, stoneware-24) ",1660s.27 But as decorated earthenware and stoneware began to replace treenware,NN,[],began-25,begin,VBD,subject,[],[],[],,[],[],[],[],[],[],"[('and', 'stoneware', 24)]",['and'],[stoneware-24],[],[],['decorated'],[0.0475],[0.077],[0.0775],[0.0475],[0.049166666666666664],[0.06],[0.14141666666666666],[0.1125],[0.08],[0.0655],[0.092],[0.13241666666666668],[0.0175],[],[],[],[],[],[],[],[],[],as,singular,bare singular,ambiguous,,False,/scratch/awahlang/COCAFiles/COCA/academic/tryAgain/completed/mag/w_mag_2006.txt_1.csv,0,0,0,0,unknown,,,,
"Lead-glazed agate earthenware , height 5 inches .","Lead-glazed/lead-glazed/JJ agate/agate/NN earthenware/earthenware/NN ,/,/, height/height/NN 5/5/CD inches/inch/NNS ././. ","ROOT (ROOT-0, earthenware-3) amod (earthenware-3, Lead-glazed-1) compound (earthenware-3, agate-2) punct (earthenware-3, ,-4) appos (earthenware-3, height-5) nummod (inches-7, 5-6) dep (height-5, inches-7) punct (earthenware-3, .-8) ",earthenware,3,"ROOT (ROOT-0, earthenware-3) amod (earthenware-3, Lead-glazed-1) compound (earthenware-3, agate-2) punct (earthenware-3, ,-4) appos (earthenware-3, height-5) punct (earthenware-3, .-8) ","Lead-glazed agate earthenware , height 5 inches .",NN,[],,,,,[],[],[],,[],[],[],[],[],[],[],[],[],[],['agate'],['Lead-glazed'],,,,,,,,,,,,,,[],[],[],[],[],"['modified', 'height']",[],['height'],[],[],singular,bare singular,,,False,/scratch/awahlang/COCAFiles/COCA/academic/tryAgain/completed/mag/w_mag_2006.txt_1.csv,0,0,0,0,unknown,,,,
// The fact the firm was established ten ware before the existence of the Leeds Pottery suggests that other factories were producing salt-glazed ( and undoubtedly other earthenwares ) in the Leeds area .,////: ////: The/the/DT fact/fact/NN the/the/DT firm/firm/NN was/be/VBD established/establish/VBN ten/ten/CD ware/ware/NN before/before/IN the/the/DT existence/existence/NN of/of/IN the/the/DT Leeds/Leeds/NNP Pottery/Pottery/NNP suggests/suggest/VBZ that/that/IN other/other/JJ factories/factory/NNS were/be/VBD producing/produce/VBG salt-glazed/salt-glazed/JJ -LRB-/-lrb-/-LRB- and/and/CC undoubtedly/undoubtedly/RB other/other/JJ earthenwares/earthenware/NNS -RRB-/-rrb-/-RRB- in/in/IN the/the/DT Leeds/Leeds/NNP area/area/NN ././. ,"ROOT (ROOT-0, established-8) punct (fact-4, /-1) punct (fact-4, /-2) dep (fact-4, The-3) nsubjpass (established-8, fact-4) det (firm-6, the-5) dep (fact-4, firm-6) auxpass (established-8, was-7) nummod (ware-10, ten-9) dobj (established-8, ware-10) mark (suggests-18, before-11) det (existence-13, the-12) nsubj (suggests-18, existence-13) case (Pottery-17, of-14) det (Pottery-17, the-15) compound (Pottery-17, Leeds-16) nmod:of (existence-13, Pottery-17) advcl:before (established-8, suggests-18) mark (producing-23, that-19) amod (factories-21, other-20) nsubj (producing-23, factories-21) aux (producing-23, were-22) ccomp (suggests-18, producing-23) dobj (producing-23, salt-glazed-24) punct (earthenwares-29, (-25) cc (earthenwares-29, and-26) dep (earthenwares-29, undoubtedly-27) amod (earthenwares-29, other-28) appos (salt-glazed-24, earthenwares-29) punct (earthenwares-29, )-30) case (area-34, in-31) det (area-34, the-32) compound (area-34, Leeds-33) nmod:in (salt-glazed-24, area-34) punct (established-8, .-35) ",earthenware,29,"punct (earthenwares-29, (-25) cc (earthenwares-29, and-26) dep (earthenwares-29, undoubtedly-27) amod (earthenwares-29, other-28) appos (salt-glazed-24, earthenwares-29) punct (earthenwares-29, )-30) ",( and undoubtedly other earthenwares ) in the Leeds area .,NNS,[],,,,,[],[],[],,[],[],[],[],[],[],[],[],[],[],[],['other'],[0.015],[0.0025],[0.01],[0.0075],[0.6579166666666667],[0.02],[0.01875],[0.12458333333333332],[0.05],[0.0225],[0.03375],[0.0375],[0.0],[],[],[],[],[],"['modifier', 'salt-glazed']",['salt-glazed'],[],[],[],plural,bare plural,,,False,/scratch/awahlang/COCAFiles/COCA/academic/tryAgain/completed/mag/w_mag_2006.txt_1.csv,0,0,0,0,unknown,,,,
"The earthenware 's brown slip glaze is not a fired finish , but rather one that is cold-painted on the surface .","The/the/DT earthenware/earthenware/NN 's/'s/POS brown/brown/JJ slip/slip/NN glaze/glaze/VBP is/be/VBZ not/not/RB a/a/DT fired/fire/VBN finish/finish/NN ,/,/, but/but/CC rather/rather/RB one/one/CD that/that/WDT is/be/VBZ cold-painted/cold-painted/JJ on/on/IN the/the/DT surface/surface/NN ././. ","ROOT (ROOT-0, glaze-6) det (earthenware-2, The-1) nmod:poss (slip-5, earthenware-2) case (earthenware-2, 's-3) amod (slip-5, brown-4) nsubj (glaze-6, slip-5) cop (a-9, is-7) neg (a-9, not-8) ccomp (glaze-6, a-9) acl (a-9, fired-10) dobj (fired-10, finish-11) punct (a-9, ,-12) cc (rather-14, but-13) cc (a-9, rather-14) ccomp (glaze-6, one-15) conj:rather (a-9, one-15) nsubj (cold-painted-18, one-15) ref (one-15, that-16) cop (cold-painted-18, is-17) acl:relcl (one-15, cold-painted-18) case (surface-21, on-19) det (surface-21, the-20) nmod:on (cold-painted-18, surface-21) punct (glaze-6, .-22) ",earthenware,2,"det (earthenware-2, The-1) nmod:poss (slip-5, earthenware-2) case (earthenware-2, 's-3) ",The earthenware 's brown slip glaze is,NN,[],,,,,[],[],[],,[],[],[],[],['The'],['definite article'],[],[],[],[],[],[],,,,,,,,,,,,,,[],['slip'],[],"[""'s""]",[],[],[],[],[],[],singular,linked,,,False,/scratch/awahlang/COCAFiles/COCA/academic/tryAgain/completed/mag/w_mag_2006.txt_1.csv,0,0,0,0,unknown,the,non-Denumerator,the,
"// ALICE BALLARD MUNN JERALD MELBERG GALLERY CHARLOTTE , NC JULY 30-SEPTEMBER 10 , 2005 Photograph ALICE BALLARD MUNN 'S WORKS ARE WHITE EARTHENWARE WITH OXIDES AND TERRA SIGILLATA .","////: ////: ALICE/ALICE/NNP BALLARD/BALLARD/NNP MUNN/MUNN/NNP JERALD/JERALD/NNP MELBERG/MELBERG/NNP GALLERY/GALLERY/NNP CHARLOTTE/CHARLOTTE/NNP ,/,/, NC/NC/NNP JULY/JULY/NNP 30-SEPTEMBER/30-SEPTEMBER/NNP 10/10/CD ,/,/, 2005/2005/CD Photograph/Photograph/NNP ALICE/ALICE/NNP BALLARD/BALLARD/NNP MUNN/MUNN/NNP 'S/'s/POS WORKS/work/VBZ ARE/be/VBP WHITE/WHITE/NNP EARTHENWARE/EARTHENWARE/NNPS WITH/with/IN OXIDES/OXIDES/NNPS AND/and/CC TERRA/TERRA/NNP SIGILLATA/SIGILLATA/NNP ././. ","ROOT (ROOT-0, EARTHENWARE-25) punct (BALLARD-19, /-1) punct (MELBERG-7, /-2) compound (MELBERG-7, ALICE-3) compound (MELBERG-7, BALLARD-4) compound (MELBERG-7, MUNN-5) compound (MELBERG-7, JERALD-6) dep (CHARLOTTE-9, MELBERG-7) compound (CHARLOTTE-9, GALLERY-8) dep (BALLARD-19, CHARLOTTE-9) punct (CHARLOTTE-9, ,-10) compound (JULY-12, NC-11) appos (CHARLOTTE-9, JULY-12) dep (JULY-12, 30-SEPTEMBER-13) nummod (30-SEPTEMBER-13, 10-14) punct (30-SEPTEMBER-13, ,-15) nummod (30-SEPTEMBER-13, 2005-16) compound (BALLARD-19, Photograph-17) compound (BALLARD-19, ALICE-18) dep (WORKS-22, BALLARD-19) nsubj (WORKS-22, MUNN-20) case (MUNN-20, 'S-21) csubj (EARTHENWARE-25, WORKS-22) cop (EARTHENWARE-25, ARE-23) compound (EARTHENWARE-25, WHITE-24) case (OXIDES-27, WITH-26) nmod:with (EARTHENWARE-25, OXIDES-27) cc (OXIDES-27, AND-28) compound (SIGILLATA-30, TERRA-29) nmod:with (EARTHENWARE-25, SIGILLATA-30) conj:and (OXIDES-27, SIGILLATA-30) punct (EARTHENWARE-25, .-31) ",EARTHENWARE,25,"ROOT (ROOT-0, EARTHENWARE-25) csubj (EARTHENWARE-25, WORKS-22) cop (EARTHENWARE-25, ARE-23) compound (EARTHENWARE-25, WHITE-24) nmod:with (EARTHENWARE-25, OXIDES-27) nmod:with (EARTHENWARE-25, SIGILLATA-30) punct (EARTHENWARE-25, .-31) ",'S WORKS ARE WHITE EARTHENWARE WITH OXIDES AND TERRA SIGILLATA .,NNPS,[],,,,,[],[],[],,"[('with', 'OXIDES', 27), ('with', 'SIGILLATA', 30)]","['with', 'with']","['OXIDES', 'SIGILLATA']",[],[],[],[],[],[],[],['WHITE'],[],,,,,,,,,,,,,,[],[],[],[],[],[],[],[],[],[],ambiguous,linked,,,False,/scratch/awahlang/COCAFiles/COCA/academic/tryAgain/completed/mag/w_mag_2006.txt_1.csv,0,0,0,0,unknown,,,,
"Munn , a South Carolina native who has been an artist and teacherfor30 years , is talented at manipulating the myriad possibilities of colored terra sigillata on white earthenware , and she has developed unusual mixtures of stains and oxides that give her a broad palette .","Munn/Munn/NNP ,/,/, a/a/DT South/South/NNP Carolina/Carolina/NNP native/native/NN who/who/WP has/have/VBZ been/be/VBN an/a/DT artist/artist/NN and/and/CC teacherfor30/teacherfor30/NN years/year/NNS ,/,/, is/be/VBZ talented/talent/VBN at/at/IN manipulating/manipulate/VBG the/the/DT myriad/myriad/JJ possibilities/possibility/NNS of/of/IN colored/color/VBN terra/terra/NN sigillata/sigillata/NN on/on/IN white/white/JJ earthenware/earthenware/NN ,/,/, and/and/CC she/she/PRP has/have/VBZ developed/develop/VBN unusual/unusual/JJ mixtures/mixture/NNS of/of/IN stains/stain/NNS and/and/CC oxides/oxide/NNS that/that/WDT give/give/VBP her/she/PRP$ a/a/DT broad/broad/JJ palette/palette/NN ././. ","ROOT (ROOT-0, talented-17) nsubjpass (talented-17, Munn-1) punct (Munn-1, ,-2) det (native-6, a-3) compound (native-6, South-4) compound (native-6, Carolina-5) appos (Munn-1, native-6) nsubj (artist-11, native-6) ref (native-6, who-7) aux (artist-11, has-8) cop (artist-11, been-9) det (artist-11, an-10) acl:relcl (native-6, artist-11) cc (artist-11, and-12) compound (years-14, teacherfor30-13) acl:relcl (native-6, years-14) conj:and (artist-11, years-14) punct (Munn-1, ,-15) auxpass (talented-17, is-16) mark (manipulating-19, at-18) advcl:at (talented-17, manipulating-19) det (possibilities-22, the-20) amod (possibilities-22, myriad-21) dobj (manipulating-19, possibilities-22) case (sigillata-26, of-23) amod (sigillata-26, colored-24) compound (sigillata-26, terra-25) nmod:of (possibilities-22, sigillata-26) case (earthenware-29, on-27) amod (earthenware-29, white-28) nmod:on (sigillata-26, earthenware-29) punct (talented-17, ,-30) cc (talented-17, and-31) nsubj (developed-34, she-32) aux (developed-34, has-33) conj:and (talented-17, developed-34) amod (mixtures-36, unusual-35) dobj (developed-34, mixtures-36) nsubj (give-42, mixtures-36) case (stains-38, of-37) nmod:of (mixtures-36, stains-38) cc (stains-38, and-39) nmod:of (mixtures-36, oxides-40) conj:and (stains-38, oxides-40) ref (mixtures-36, that-41) acl:relcl (mixtures-36, give-42) dep (give-42, her-43) det (palette-46, a-44) amod (palette-46, broad-45) dobj (give-42, palette-46) punct (talented-17, .-47) ",earthenware,29,"case (earthenware-29, on-27) amod (earthenware-29, white-28) nmod:on (sigillata-26, earthenware-29) ","colored terra sigillata on white earthenware , and she has developed",NN,[],,,,,[],[],[],,"[('on', 'sigillata', 26)]",['on'],[],['sigillata'],[],[],[],[],[],[],[],['white'],[0.0075],[0.00625],[0.0],[0.0],[0.01],[0.005],[0.4521875000000001],[0.0175],[0.44885416666666644],[0.02375],[0.018958333333333334],[0.005],[0.005],[],[],[],['on'],[],[],[],[],[],[],singular,bare singular,,,False,/scratch/awahlang/COCAFiles/COCA/academic/tryAgain/completed/mag/w_mag_2006.txt_1.csv,0,0,0,0,unknown,,,,
"OPPOSITE PAGE TOP : INSTALLATION OF KATHY BUTTERLYS '' FREAKS AND BEAUTIES , '' 11 GLAZED PORCELAIN AND EARTHENWARE FORMS .","OPPOSITE/opposite/JJ PAGE/page/NN TOP/top/NN :/:/: INSTALLATION/installation/NN OF/of/IN KATHY/KATHY/NNP BUTTERLYS/BUTTERLYS/NNP ''/''/'' FREAKS/FREAKS/NNPS AND/and/CC BEAUTIES/BEAUTIES/NNPS ,/,/, ''/''/'' 11/11/CD GLAZED/glazed/JJ PORCELAIN/PORCELAIN/NNPS AND/and/CC EARTHENWARE/EARTHENWARE/NNPS FORMS/FORMS/NNPS ././. ","ROOT (ROOT-0, TOP-3) amod (TOP-3, OPPOSITE-1) compound (TOP-3, PAGE-2) punct (TOP-3, :-4) dep (TOP-3, INSTALLATION-5) case (BUTTERLYS-8, OF-6) compound (BUTTERLYS-8, KATHY-7) nmod:of (INSTALLATION-5, BUTTERLYS-8) punct (TOP-3, ''-9) dep (TOP-3, FREAKS-10) cc (FREAKS-10, AND-11) dep (TOP-3, BEAUTIES-12) conj:and (FREAKS-10, BEAUTIES-12) punct (TOP-3, ,-13) punct (TOP-3, ''-14) nummod (PORCELAIN-17, 11-15) amod (PORCELAIN-17, GLAZED-16) dep (TOP-3, PORCELAIN-17) cc (PORCELAIN-17, AND-18) compound (FORMS-20, EARTHENWARE-19) dep (TOP-3, FORMS-20) conj:and (PORCELAIN-17, FORMS-20) punct (TOP-3, .-21) ",EARTHENWARE,19,"compound (FORMS-20, EARTHENWARE-19) ",'' 11 GLAZED PORCELAIN AND EARTHENWARE FORMS .,NNPS,[],,,,,[],[],[],,[],[],[],[],[],[],[],[],[],['FORMS'],[],[],,,,,,,,,,,,,,[],[],[],[],[],[],[],[],[],[],ambiguous,linked,,,False,/scratch/awahlang/COCAFiles/COCA/academic/tryAgain/completed/mag/w_mag_2006.txt_1.csv,0,0,0,0,unknown,,,,
"// Lined up , Kathy Butterly 's '' freaks and beauties , '' a candy-colored array of biomorphic forms in gLazed porcelain and earthenware , are like contestants at a beauty pageant .","////: ////: Lined/line/VBN up/up/RP ,/,/, Kathy/Kathy/NNP Butterly/Butterly/NNP 's/'s/POS ''/''/'' freaks/freak/NNS and/and/CC beauties/beauty/NNS ,/,/, ''/''/'' a/a/DT candy-colored/candy-colored/JJ array/array/NN of/of/IN biomorphic/biomorphic/JJ forms/form/NNS in/in/IN gLazed/glazed/JJ porcelain/porcelain/NN and/and/CC earthenware/earthenware/NN ,/,/, are/be/VBP like/like/IN contestants/contestant/NNS at/at/IN a/a/DT beauty/beauty/NN pageant/pageant/NN ././. ","ROOT (ROOT-0, Lined-3) punct (Lined-3, /-1) punct (Lined-3, /-2) dep (Lined-3, up-4) punct (Lined-3, ,-5) compound (Butterly-7, Kathy-6) nmod:poss (freaks-10, Butterly-7) case (Butterly-7, 's-8) punct (freaks-10, ''-9) nsubj (contestants-29, freaks-10) cc (freaks-10, and-11) conj:and (freaks-10, beauties-12) nsubj (contestants-29, beauties-12) punct (freaks-10, ,-13) punct (freaks-10, ''-14) det (array-17, a-15) amod (array-17, candy-colored-16) dep (freaks-10, array-17) case (forms-20, of-18) amod (forms-20, biomorphic-19) nmod:of (array-17, forms-20) case (porcelain-23, in-21) amod (porcelain-23, gLazed-22) nmod:in (forms-20, porcelain-23) cc (porcelain-23, and-24) nmod:in (forms-20, earthenware-25) conj:and (porcelain-23, earthenware-25) punct (freaks-10, ,-26) cop (contestants-29, are-27) case (contestants-29, like-28) ccomp (Lined-3, contestants-29) case (pageant-33, at-30) det (pageant-33, a-31) compound (pageant-33, beauty-32) nmod:at (contestants-29, pageant-33) punct (Lined-3, .-34) ",earthenware,25,"nmod:in (forms-20, earthenware-25) conj:and (porcelain-23, earthenware-25) ","in gLazed porcelain and earthenware , are like contestants at a",NN,[],,,,,[],[],[],,"[('in', 'forms', 20)]",['in'],[],['forms'],[],[],"[('and', 'porcelain', 23)]",['and'],[porcelain-23],[],[],[],,,,,,,,,,,,,,[],[],[],[],[],[],[],[],[],[],singular,linked,,,False,/scratch/awahlang/COCAFiles/COCA/academic/tryAgain/completed/mag/w_mag_2006.txt_1.csv,0,0,0,0,unknown,,,,
The company produced Staffordshire earthenware and Jasperware pottery in a style similar to Wedgwood pottery .,The/the/DT company/company/NN produced/produce/VBD Staffordshire/Staffordshire/NNP earthenware/earthenware/NN and/and/CC Jasperware/jasperware/NN pottery/pottery/NN in/in/IN a/a/DT style/style/NN similar/similar/JJ to/to/TO Wedgwood/Wedgwood/NNP pottery/pottery/NN ././. ,"ROOT (ROOT-0, produced-3) det (company-2, The-1) nsubj (produced-3, company-2) compound (earthenware-5, Staffordshire-4) nsubj (similar-12, earthenware-5) cc (earthenware-5, and-6) compound (pottery-8, Jasperware-7) conj:and (earthenware-5, pottery-8) nsubj (similar-12, pottery-8) case (style-11, in-9) det (style-11, a-10) nmod:in (earthenware-5, style-11) xcomp (produced-3, similar-12) case (pottery-15, to-13) compound (pottery-15, Wedgwood-14) nmod:to (similar-12, pottery-15) punct (produced-3, .-16) ",earthenware,5,"compound (earthenware-5, Staffordshire-4) nsubj (similar-12, earthenware-5) cc (earthenware-5, and-6) conj:and (earthenware-5, pottery-8) nmod:in (earthenware-5, style-11) ",The company produced Staffordshire earthenware and Jasperware pottery in a,NN,[],,,,,[],[],[],,"[('in', 'style', 11)]",['in'],['style'],[],[],[],"[('and', 'pottery', 8)]",['and'],[pottery-8],[],['Staffordshire'],[],,,,,,,,,,,,,,[],[],[],[],[],[],[],[],[],[],singular,bare singular,,,False,/scratch/awahlang/COCAFiles/COCA/academic/tryAgain/completed/mag/w_mag_2007.txt_1.csv,0,0,0,0,unknown,,,,
( chickspicksbyhillary.com ) $16 Bowls This exuberant earthenware serves up sunny good cheer at a sensible price .,-LRB-/-lrb-/-LRB- chickspicksbyhillary.com/chickspicksbyhillary.com/NN -RRB-/-rrb-/-RRB- $/$/$ 16/16/CD Bowls/Bowls/NNPS This/this/DT exuberant/exuberant/JJ earthenware/earthenware/NN serves/serve/VBZ up/up/RP sunny/sunny/JJ good/good/JJ cheer/cheer/NN at/at/IN a/a/DT sensible/sensible/JJ price/price/NN ././. ,"ROOT (ROOT-0, serves-10) punct (chickspicksbyhillary.com-2, (-1) nsubj (serves-10, chickspicksbyhillary.com-2) punct (chickspicksbyhillary.com-2, )-3) dep (16-5, $-4) dep (chickspicksbyhillary.com-2, 16-5) dep (chickspicksbyhillary.com-2, Bowls-6) det (earthenware-9, This-7) amod (earthenware-9, exuberant-8) dep (Bowls-6, earthenware-9) compound:prt (serves-10, up-11) amod (cheer-14, sunny-12) amod (cheer-14, good-13) dobj (serves-10, cheer-14) case (price-18, at-15) det (price-18, a-16) amod (price-18, sensible-17) nmod:at (cheer-14, price-18) punct (serves-10, .-19) ",earthenware,9,"det (earthenware-9, This-7) amod (earthenware-9, exuberant-8) dep (Bowls-6, earthenware-9) ",$16 Bowls This exuberant earthenware serves up sunny good cheer at,NN,[],,,,,[],[],[],,[],[],[],[],['This'],['demonstrative'],[],[],[],[],[],['exuberant'],[0.3525],[0.0475],[0.2425],[0.045],[0.055],[0.0075],[0.03],[0.02],[0.0925],[0.0125],[0.03],[0.06],[0.005],[],[],[],[],[],[],[],[],[],[],singular,linked,,,False,/scratch/awahlang/COCAFiles/COCA/academic/tryAgain/completed/mag/w_mag_2010.txt_1.csv,0,0,0,0,unknown,this,non-Denumerator,non quantificational,
"Ceramic  A category that encompasses both delicate European porcelain and solid , organic-looking earthenware from the States , ceramic frogs boast the greatest variety of color and figural forms .","Ceramic/ceramic/JJ A/a/NN category/category/NN that/that/WDT encompasses/encompass/VBZ both/both/DT delicate/delicate/JJ European/european/JJ porcelain/porcelain/NN and/and/CC solid/solid/JJ ,/,/, organic-looking/organic-looking/JJ earthenware/earthenware/NN from/from/IN the/the/DT States/States/NNPS ,/,/, ceramic/ceramic/JJ frogs/frog/NNS boast/boast/VBP the/the/DT greatest/greatest/JJS variety/variety/NN of/of/IN color/color/NN and/and/CC figural/figural/JJ forms/form/NNS ././. ","ROOT (ROOT-0, boast-21) amod (category-3, Ceramic-1) compound (category-3, A-2) nsubj (encompasses-5, category-3) nsubj (boast-21, category-3) ref (category-3, that-4) acl:relcl (category-3, encompasses-5) det (porcelain-9, both-6) amod (porcelain-9, delicate-7) amod (porcelain-9, European-8) dobj (encompasses-5, porcelain-9) cc (porcelain-9, and-10) amod (earthenware-14, solid-11) punct (earthenware-14, ,-12) amod (earthenware-14, organic-looking-13) dobj (encompasses-5, earthenware-14) conj:and (porcelain-9, earthenware-14) case (States-17, from-15) det (States-17, the-16) nmod:from (encompasses-5, States-17) punct (States-17, ,-18) amod (frogs-20, ceramic-19) appos (States-17, frogs-20) det (variety-24, the-22) amod (variety-24, greatest-23) dobj (boast-21, variety-24) case (forms-29, of-25) compound (forms-29, color-26) cc (color-26, and-27) conj:and (color-26, figural-28) compound (forms-29, figural-28) nmod:of (variety-24, forms-29) punct (boast-21, .-30) ",earthenware,14,"amod (earthenware-14, solid-11) punct (earthenware-14, ,-12) amod (earthenware-14, organic-looking-13) dobj (encompasses-5, earthenware-14) conj:and (porcelain-9, earthenware-14) ","porcelain and solid , organic-looking earthenware from the States , ceramic",NN,[],encompasses-5,encompass,VBZ,object,[],[],[],,[],[],[],[],[],[],"[('and', 'porcelain', 9)]",['and'],[porcelain-9],[],[],"['solid', 'organic-looking']",[0.034166666666666665],[0.12],[0.0175],[0.045],[0.11683333333333332],[0.03],[0.04645833333333334],[0.0475],[0.085],[0.09125],[0.2644166666666667],[0.09166666666666667],[0.010208333333333333],[],[],[],[],[],[],[],[],[],[],singular,linked,singular,,False,/scratch/awahlang/COCAFiles/COCA/academic/tryAgain/completed/mag/w_mag_2011.txt_1.csv,0,0,0,0,unknown,,,,
"THE GREAT WHITE WAY Backtrack to vora , then cruise 21 miles northeast into Redondo , where master potters turn out colorful earthenware .","THE/the/DT GREAT/great/JJ WHITE/WHITE/NNP WAY/WAY/NNP Backtrack/Backtrack/NNP to/to/TO vora/vora/VB ,/,/, then/then/RB cruise/cruise/NN 21/21/CD miles/mile/NNS northeast/northeast/RB into/into/IN Redondo/Redondo/NNP ,/,/, where/where/WRB master/master/NN potters/potter/NNS turn/turn/VBP out/out/RP colorful/colorful/JJ earthenware/earthenware/NN ././. ","ROOT (ROOT-0, vora-7) det (Backtrack-5, THE-1) amod (Backtrack-5, GREAT-2) compound (Backtrack-5, WHITE-3) compound (Backtrack-5, WAY-4) nsubj (vora-7, Backtrack-5) mark (vora-7, to-6) punct (vora-7, ,-8) dep (cruise-10, then-9) parataxis (vora-7, cruise-10) nummod (miles-12, 21-11) nmod:npmod (northeast-13, miles-12) advmod (cruise-10, northeast-13) case (Redondo-15, into-14) nmod:into (northeast-13, Redondo-15) punct (vora-7, ,-16) advmod (turn-20, where-17) compound (potters-19, master-18) nsubj (turn-20, potters-19) advcl (vora-7, turn-20) compound:prt (turn-20, out-21) amod (earthenware-23, colorful-22) dobj (turn-20, earthenware-23) punct (vora-7, .-24) ",earthenware,23,"amod (earthenware-23, colorful-22) dobj (turn-20, earthenware-23) ",master potters turn out colorful earthenware .,NN,[],turn-20,turn,VBP,object,['where'],[],[],,[],[],[],[],[],[],[],[],[],[],[],['colorful'],[0.135],[0.08541666666666668],[0.06],[0.06266666666666666],[0.06791666666666667],[0.0325],[0.06633333333333333],[0.0475],[0.075],[0.08975],[0.13387500000000002],[0.12820833333333334],[0.01583333333333333],[],[],[],[],[],[],[],[],[],[],singular,bare singular,plural,,False,/scratch/awahlang/COCAFiles/COCA/academic/tryAgain/completed/mag/w_mag_2012.txt_1.csv,0,0,0,0,unknown,,,,
"Earthenware absorbs heat evenly and is the best choice , but a steel or cast iron pot with an enameled interior will also work .","Earthenware/Earthenware/NNP absorbs/absorb/VBZ heat/heat/NN evenly/evenly/RB and/and/CC is/be/VBZ the/the/DT best/best/JJS choice/choice/NN ,/,/, but/but/CC a/a/DT steel/steel/NN or/or/CC cast/cast/NN iron/iron/NN pot/pot/NN with/with/IN an/a/DT enameled/enameled/JJ interior/interior/NN will/will/MD also/also/RB work/work/VB ././. ","ROOT (ROOT-0, absorbs-2) nsubj (absorbs-2, Earthenware-1) dobj (absorbs-2, heat-3) advmod (absorbs-2, evenly-4) cc (absorbs-2, and-5) cop (choice-9, is-6) det (choice-9, the-7) amod (choice-9, best-8) conj:and (absorbs-2, choice-9) punct (absorbs-2, ,-10) cc (absorbs-2, but-11) det (steel-13, a-12) nsubj (work-24, steel-13) cc (steel-13, or-14) compound (pot-17, cast-15) compound (pot-17, iron-16) conj:or (steel-13, pot-17) nsubj (work-24, pot-17) case (interior-21, with-18) det (interior-21, an-19) amod (interior-21, enameled-20) nmod:with (steel-13, interior-21) aux (work-24, will-22) advmod (work-24, also-23) conj:but (absorbs-2, work-24) punct (absorbs-2, .-25) ",Earthenware,1,"nsubj (absorbs-2, Earthenware-1) ",Earthenware absorbs heat evenly and is,NNP,[],absorbs-2,absorb,VBZ,subject,['evenly'],[],[],,[],[],[],[],[],[],[],[],[],[],[],[],,,,,,,,,,,,,,[],[],[],[],[],[],[],[],[],[],singular,bare singular,singular,,False,/scratch/awahlang/COCAFiles/COCA/academic/tryAgain/completed/news/COCA_News_results/w_news_1996.txt_3.csv,0,0,0,0,unknown,,,,
